City_ID,City,Country,Date,Lat,Lng,Max Temp,Humidity,Cloudiness,Wind Speed
0,Rikitea,PF,2022-04-14 21:33:28,-23.1203,-134.9692,77.83,69,27,17.36
1,Hilo,US,2022-04-14 21:33:28,19.7297,-155.09,82.27,77,75,8.05
2,Port Alfred,ZA,2022-04-14 21:33:29,-33.5906,26.891,65.17,90,99,5.99
3,Sansepolcro,IT,2022-04-14 21:33:29,43.5747,12.143,51.3,72,100,3.76
4,Cockburn Town,TC,2022-04-14 21:33:29,21.4612,-71.1419,77.54,82,20,23.15
5,Ashland,US,2022-04-14 21:28:52,40.8167,-82.2665,58.1,35,0,16.51
6,Thompson,CA,2022-04-14 21:30:14,55.7435,-97.8558,15.96,48,75,26.46
7,Kloulklubed,PW,2022-04-14 21:33:30,7.0419,134.2556,77.5,76,100,10.42
8,Saint Austell,GB,2022-04-14 21:33:30,50.3383,-4.7658,54.16,87,75,10.36
9,Fria,GN,2022-04-14 21:33:31,10.4167,-13.5833,73.22,79,47,2.95
10,Kirkenes,NO,2022-04-14 21:33:31,69.7271,30.0458,30.42,74,40,4.61
11,Cape Town,ZA,2022-04-14 21:28:45,-33.9258,18.4232,59.88,76,20,5.99
12,Burnie,AU,2022-04-14 21:33:31,-41.0667,145.9167,60.93,84,100,7.25
13,Seymchan,RU,2022-04-14 21:33:32,62.8833,152.4333,12.49,89,100,8.7
14,Bambanglipuro,ID,2022-04-14 21:33:32,-7.95,110.2833,75.56,87,79,4.14
15,Dunedin,NZ,2022-04-14 21:30:45,-45.8742,170.5036,57.99,64,0,2.93
16,Chulman,RU,2022-04-14 21:33:33,56.8479,124.9104,25.25,94,100,5.73
17,Yellowknife,CA,2022-04-14 21:31:55,62.456,-114.3525,23.29,61,75,9.22
18,Coahuayana,MX,2022-04-14 21:33:33,18.7333,-103.6833,87.22,42,100,7.11
19,Bluff,NZ,2022-04-14 21:33:33,-46.6,168.3333,54.81,75,11,11.32
20,Punjai Puliyampatti,IN,2022-04-14 21:33:34,11.35,77.2,74.44,73,99,4.21
21,Kapaa,US,2022-04-14 21:29:43,22.0752,-159.319,82.38,76,75,11.5
22,Ostrovnoy,RU,2022-04-14 21:33:34,68.0531,39.5131,14.23,95,93,6.4
23,Itacarambi,BR,2022-04-14 21:33:35,-15.1022,-44.0919,77.81,71,90,3.47
24,Mataura,NZ,2022-04-14 21:31:57,-46.1927,168.8643,54.48,74,5,2.26
25,Albany,US,2022-04-14 21:28:38,42.6001,-73.9662,59.41,80,100,15.99
26,Lieksa,FI,2022-04-14 21:33:35,63.3167,30.0167,32.59,97,100,5.64
27,Isangel,VU,2022-04-14 21:33:35,-19.55,169.2667,84.31,84,40,2.3
28,Vaini,TO,2022-04-14 21:33:36,-21.2,-175.2,82.56,89,40,8.05
29,Avarua,CK,2022-04-14 21:33:36,-21.2078,-159.775,80.65,78,75,6.91
30,Busselton,AU,2022-04-14 21:33:36,-33.65,115.3333,56.82,86,0,7.96
31,Fort Nelson,CA,2022-04-14 21:30:13,58.8053,-122.7002,31.59,25,0,2.3
32,Manaure,CO,2022-04-14 21:33:37,11.7751,-72.4445,87.57,54,15,24.14
33,Butaritari,KI,2022-04-14 21:33:37,3.0707,172.7902,81.25,75,81,12.8
34,Sipoo,FI,2022-04-14 21:33:38,60.3775,25.2691,36.16,94,75,5.75
35,Iqaluit,CA,2022-04-14 21:33:38,63.7506,-68.5145,1.13,64,20,19.57
36,Xinyu,CN,2022-04-14 21:31:04,27.8043,114.9334,58.84,79,100,5.86
37,Mahebourg,MU,2022-04-14 21:33:39,-20.4081,57.7,78.26,73,75,12.66
38,Hithadhoo,MV,2022-04-14 21:33:39,-0.6,73.0833,83.19,72,97,7.54
39,Pevek,RU,2022-04-14 21:33:39,69.7008,170.3133,12.63,83,67,2.48
40,Saint-Philippe,RE,2022-04-14 21:33:40,-21.3585,55.7679,78.39,88,60,15.59
41,New Norfolk,AU,2022-04-14 21:33:40,-42.7826,147.0587,62.1,59,100,4.0
42,Saint-Augustin,CA,2022-04-14 21:33:40,51.226,-58.6502,31.84,97,95,4.83
43,Velyka Oleksandrivka,UA,2022-04-14 21:33:41,47.3197,33.3037,47.44,84,21,6.78
44,Pimenta Bueno,BR,2022-04-14 21:33:41,-11.6725,-61.1936,75.6,94,77,6.55
45,Salalah,OM,2022-04-14 21:31:46,17.0151,54.0924,80.69,83,0,2.3
46,Qaqortoq,GL,2022-04-14 21:33:41,60.7167,-46.0333,32.05,90,39,4.56
47,Puerto Ayora,EC,2022-04-14 21:33:42,-0.7393,-90.3518,84.16,81,96,9.17
48,Chuy,UY,2022-04-14 21:33:42,-33.6971,-53.4616,55.98,64,1,10.74
49,Whyalla,AU,2022-04-14 21:34:43,-33.0333,137.5833,60.69,100,75,3.44
50,Girua,BR,2022-04-14 21:34:43,-28.0283,-54.3497,64.89,74,0,6.4
51,Dikson,RU,2022-04-14 21:34:43,73.5069,80.5464,15.76,93,100,6.42
52,Castro,BR,2022-04-14 21:34:44,-24.7911,-50.0119,58.32,95,18,5.99
53,Nabire,ID,2022-04-14 21:34:44,-3.3667,135.4833,77.09,89,86,2.91
54,Port Elizabeth,ZA,2022-04-14 21:34:44,-33.918,25.5701,64.09,95,100,16.11
55,Tasiilaq,GL,2022-04-14 21:34:45,65.6145,-37.6368,30.36,98,100,4.43
56,Atuona,PF,2022-04-14 21:34:45,-9.8,-139.0333,78.17,79,54,13.85
57,Hermanus,ZA,2022-04-14 21:31:50,-34.4187,19.2345,59.88,71,56,8.3
58,Punta Arenas,CL,2022-04-14 21:34:46,-53.15,-70.9167,51.91,58,40,18.41
59,Cedral,MX,2022-04-14 21:34:46,23.8,-100.7333,84.92,20,100,12.88
60,Sohag,EG,2022-04-14 21:34:47,26.557,31.6948,75.49,20,0,8.39
61,Butembo,CD,2022-04-14 21:34:47,0.15,29.2833,59.04,99,100,3.83
62,Meulaboh,ID,2022-04-14 21:34:47,4.1363,96.1285,76.69,89,98,3.38
63,Carnarvon,AU,2022-04-14 21:34:48,-24.8667,113.6333,66.27,72,0,8.05
64,Melo,UY,2022-04-14 21:34:48,-32.3667,-54.1833,58.01,46,2,7.61
65,Georgetown,MY,2022-04-14 21:30:14,5.4112,100.3354,78.73,100,20,3.44
66,Victoria,HK,2022-04-14 21:30:02,22.2855,114.1577,76.17,74,15,15.99
67,Qaanaaq,GL,2022-04-14 21:34:49,77.484,-69.3632,-2.74,90,98,3.98
68,Hobart,AU,2022-04-14 21:29:58,-42.8794,147.3294,62.46,65,75,18.41
69,Coquimbo,CL,2022-04-14 21:34:49,-29.9533,-71.3436,58.73,77,100,4.61
70,Redmond,US,2022-04-14 21:31:28,47.674,-122.1215,50.09,70,93,1.99
71,Te Anau,NZ,2022-04-14 21:34:50,-45.4167,167.7167,52.92,72,8,0.81
72,Namatanai,PG,2022-04-14 21:34:50,-3.6667,152.4333,82.4,74,81,6.64
73,Mareeba,AU,2022-04-14 21:34:50,-17.0,145.4333,68.72,92,100,4.25
74,Bengkulu,ID,2022-04-14 21:34:51,-3.8004,102.2655,76.28,88,99,2.55
75,Betare Oya,CM,2022-04-14 21:34:51,5.6,14.0833,69.03,94,100,3.49
76,Evensk,RU,2022-04-14 21:34:51,61.95,159.2333,24.4,82,100,7.83
77,Bambous Virieux,MU,2022-04-14 21:34:52,-20.3428,57.7575,78.22,73,75,12.66
78,Polyarnyy,RU,2022-04-14 21:34:52,69.1989,33.4478,25.48,95,92,6.55
79,Ahipara,NZ,2022-04-14 21:34:52,-35.1667,173.1667,64.87,58,33,3.71
80,Ushuaia,AR,2022-04-14 21:34:53,-54.8,-68.3,49.66,93,20,17.27
81,Margate,GB,2022-04-14 21:34:53,51.3813,1.3862,54.7,79,100,1.01
82,Ulaanbaatar,MN,2022-04-14 21:34:54,47.9077,106.8832,17.73,86,0,0.0
83,Kurumkan,RU,2022-04-14 21:34:54,54.3,110.3,30.15,80,100,5.55
84,Ust-Nera,RU,2022-04-14 21:34:54,64.5667,143.2,3.58,99,100,3.51
85,Usinsk,RU,2022-04-14 21:34:55,65.9939,57.5281,25.9,85,99,20.2
86,Tura,IN,2022-04-14 21:34:55,25.5198,90.2201,71.33,93,39,8.52
87,Luderitz,NA,2022-04-14 21:34:55,-26.6481,15.1594,60.37,80,20,21.07
88,Souillac,MU,2022-04-14 21:34:56,-20.5167,57.5167,77.38,73,75,12.66
89,El Alto,PE,2022-04-14 21:34:56,-4.2714,-81.2147,74.86,72,64,22.44
90,East London,ZA,2022-04-14 21:35:56,-33.0153,27.9116,68.88,80,100,9.22
91,Hamilton,US,2022-04-14 21:31:44,39.1834,-84.5333,63.09,29,0,17.27
92,Mar Del Plata,AR,2022-04-14 21:31:56,-38.0023,-57.5575,62.1,72,0,8.05
93,Eureka,US,2022-04-14 21:35:57,40.8021,-124.1637,54.12,70,59,4.0
94,Champerico,GT,2022-04-14 21:35:57,14.3,-91.9167,88.34,60,60,12.91
95,Chokurdakh,RU,2022-04-14 21:31:50,70.6333,147.9167,6.39,93,100,7.4
96,Saint-Joseph,RE,2022-04-14 21:32:19,-21.3667,55.6167,77.38,86,46,15.1
97,Manoel Urbano,BR,2022-04-14 21:35:58,-8.8389,-69.2597,74.12,98,100,3.13
98,Komsomolskiy,UZ,2022-04-14 21:35:58,40.4272,71.7189,61.52,51,0,6.91
99,Cherskiy,RU,2022-04-14 21:35:59,68.75,161.3,17.51,90,100,1.79
100,Iberia,US,2022-04-14 21:35:59,29.9502,-91.7507,81.05,29,0,10.36
101,Madang,PG,2022-04-14 21:35:59,-5.2246,145.7966,80.42,81,78,2.62
102,Tuatapere,NZ,2022-04-14 21:36:00,-46.1333,167.6833,55.62,68,1,4.38
103,Tuktoyaktuk,CA,2022-04-14 21:31:52,69.4541,-133.0374,-2.2,78,20,10.36
104,Lompoc,US,2022-04-14 21:32:29,34.6391,-120.4579,74.57,63,0,24.0
105,Kodiak,US,2022-04-14 21:33:17,57.79,-152.4072,45.91,49,0,14.97
106,Norman Wells,CA,2022-04-14 21:31:35,65.282,-126.8329,15.84,48,20,16.11
107,Talcahuano,CL,2022-04-14 21:36:00,-36.7167,-73.1167,55.08,88,75,13.8
108,Tabou,CI,2022-04-14 21:36:01,4.423,-7.3528,81.16,84,90,10.09
109,Lebu,CL,2022-04-14 21:36:01,-37.6167,-73.65,55.08,78,1,6.91
110,Trelew,AR,2022-04-14 21:34:45,-43.249,-65.3051,74.8,16,6,13.71
111,Lorengau,PG,2022-04-14 21:36:02,-2.0226,147.2712,82.71,78,41,7.58
112,Pangnirtung,CA,2022-04-14 21:36:02,66.1451,-65.7125,1.4,71,20,4.61
113,Kudat,MY,2022-04-14 21:36:03,6.8837,116.8477,73.33,100,20,0.0
114,Prince Rupert,CA,2022-04-14 21:33:32,54.3161,-130.3201,46.49,31,0,13.8
115,Severo-Kurilsk,RU,2022-04-14 21:36:03,50.6789,156.125,30.02,75,85,22.1
116,Caravelas,BR,2022-04-14 21:36:03,-17.7125,-39.2481,80.11,83,6,9.4
117,Boguchany,RU,2022-04-14 21:36:04,58.3814,97.4531,29.8,94,100,2.93
118,Abha,SA,2022-04-14 21:36:04,18.2164,42.5053,64.22,52,0,0.0
119,Oudtshoorn,ZA,2022-04-14 21:36:05,-33.5907,22.2014,53.96,86,100,7.2
120,Port Huron,US,2022-04-14 21:36:05,42.9709,-82.4249,57.24,31,75,26.46
121,Fortuna,US,2022-04-14 21:31:09,40.5982,-124.1573,53.85,70,100,10.36
122,Jiwani,PK,2022-04-14 21:36:06,25.05,61.7417,79.77,79,1,4.65
123,Nanortalik,GL,2022-04-14 21:36:06,60.1432,-45.2371,32.94,92,36,3.67
124,Xining,CN,2022-04-14 21:36:07,36.6167,101.7667,37.04,85,100,1.9
125,Sundargarh,IN,2022-04-14 21:36:07,22.1167,84.0333,82.13,36,95,2.33
126,Nikolskoye,RU,2022-04-14 21:35:36,59.7035,30.7861,38.88,99,100,2.57
127,Wewak,PG,2022-04-14 21:36:07,-3.5534,143.6268,82.26,79,99,6.31
128,Barrow,US,2022-04-14 21:34:20,71.2906,-156.7887,-0.38,78,0,16.11
129,Alugan,PH,2022-04-14 21:36:08,12.2188,125.4808,75.88,91,87,4.83
130,Sarangani,PH,2022-04-14 21:36:08,5.4033,125.4636,81.54,75,64,10.87
131,Bendigo,AU,2022-04-14 21:36:09,-36.7667,144.2833,54.86,55,100,3.2
132,Cidreira,BR,2022-04-14 21:36:09,-30.1811,-50.2056,62.53,61,15,12.08
133,Bredasdorp,ZA,2022-04-14 21:34:14,-34.5322,20.0403,56.71,72,55,6.93
134,Chapais,CA,2022-04-14 21:32:44,49.7834,-74.8492,37.18,93,100,14.61
135,Birobidzhan,RU,2022-04-14 21:37:10,48.8,132.95,32.85,63,21,4.83
136,Labuhan,ID,2022-04-14 21:37:10,-6.8844,112.2051,76.78,84,82,4.92
137,Sao Felix Do Xingu,BR,2022-04-14 21:33:55,-6.6447,-51.995,76.01,91,86,2.59
138,Kruisfontein,ZA,2022-04-14 21:37:11,-34.0033,24.7314,61.88,87,100,12.97
139,Kisesa,TZ,2022-04-14 21:37:11,-3.0833,34.15,64.15,82,99,5.28
140,Lagoa,PT,2022-04-14 21:37:11,39.05,-27.9833,60.71,73,3,19.86
141,Arecibo,PR,2022-04-14 21:37:12,18.4724,-66.7157,84.02,75,100,3.0
142,Pangody,RU,2022-04-14 21:37:12,65.85,74.4859,33.91,99,100,12.03
143,Port Hedland,AU,2022-04-14 21:37:13,-20.3167,118.5667,86.05,26,32,11.5
144,Mattru,SL,2022-04-14 21:37:13,7.6244,-11.8332,77.83,83,99,3.15
145,Garowe,SO,2022-04-14 21:37:13,8.4054,48.4845,76.35,76,3,11.5
146,Geraldton,AU,2022-04-14 21:37:14,-28.7667,114.6,64.81,77,0,11.5
147,Tiksi,RU,2022-04-14 21:37:14,71.6872,128.8694,-1.32,99,100,8.55
148,Cap Malheureux,MU,2022-04-14 21:37:15,-19.9842,57.6142,78.48,73,14,11.01
149,Paita,PE,2022-04-14 21:37:15,-5.0892,-81.1144,73.08,72,38,19.6
150,Olinda,BR,2022-04-14 21:37:15,-8.0089,-34.8553,83.93,70,20,6.91
151,Albacete,ES,2022-04-14 21:37:16,38.8333,-2.0,56.19,87,0,2.3
152,Takoradi,GH,2022-04-14 21:37:16,4.8845,-1.7554,81.21,83,91,11.52
153,Khatanga,RU,2022-04-14 21:37:17,71.9667,102.5,-22.45,100,40,2.86
154,Kalianget,ID,2022-04-14 21:37:17,-7.05,113.9333,80.22,78,94,5.06
155,Albina,SR,2022-04-14 21:37:17,5.5,-54.05,75.65,89,75,6.26
156,Lang Son,VN,2022-04-14 21:37:18,21.8333,106.7333,69.17,86,31,2.55
157,La Llave,MX,2022-04-14 21:37:18,20.4667,-99.9972,86.11,19,91,7.85
158,Haimen,CN,2022-04-14 21:37:19,23.1935,116.6142,69.69,77,100,23.06
159,Marrakesh,MA,2022-04-14 21:37:19,31.6315,-8.0083,68.07,52,0,17.27
160,Saskylakh,RU,2022-04-14 21:37:19,71.9167,114.0833,-11.7,99,100,5.17
161,Tilichiki,RU,2022-04-14 21:37:20,60.4667,166.1,20.48,90,99,5.39
162,Bartica,GY,2022-04-14 21:37:20,6.4,-58.6167,84.52,96,89,5.03
163,Itarema,BR,2022-04-14 21:37:21,-2.9248,-39.9167,78.46,85,80,7.34
164,Tarko-Sale,RU,2022-04-14 21:37:21,64.9225,77.785,35.44,99,100,13.31
165,Clyde River,CA,2022-04-14 21:37:21,70.4692,-68.5914,7.03,72,75,0.0
166,Bethel,US,2022-04-14 21:37:22,41.3712,-73.414,74.91,65,94,16.69
167,Narsaq,GL,2022-04-14 21:37:22,60.9167,-46.05,41.22,93,56,3.8
168,Cayenne,GF,2022-04-14 21:36:01,4.9333,-52.3333,82.09,1,100,14.97
169,Hameenlinna,FI,2022-04-14 21:37:23,60.996,24.4643,34.86,99,100,5.41
170,Torres,BR,2022-04-14 21:37:23,-29.3353,-49.7269,58.82,62,2,14.0
171,Vila Velha,BR,2022-04-14 21:37:23,-20.3297,-40.2925,82.35,88,75,5.75
172,Airai,TL,2022-04-14 21:37:24,-8.9266,125.4092,61.63,85,94,2.17
173,Touros,BR,2022-04-14 21:37:24,-5.1989,-35.4608,80.15,76,100,9.62
174,Yerofey Pavlovich,RU,2022-04-14 21:37:24,53.9667,121.9667,25.86,76,100,3.44
175,Leshukonskoye,RU,2022-04-14 21:37:25,64.8989,45.7622,12.99,97,17,2.68
176,Lumphat,KH,2022-04-14 21:37:25,13.4878,106.9816,75.18,94,84,3.47
177,Huanren,CN,2022-04-14 21:37:26,41.2647,125.3667,42.35,67,47,3.8
178,Asau,RO,2022-04-14 21:37:26,46.4333,26.4,44.96,71,3,3.51
179,Andra,RU,2022-04-14 21:37:26,62.5147,65.8878,35.15,99,100,6.67
180,Coos Bay,US,2022-04-14 21:35:16,43.3665,-124.2179,50.99,86,100,17.27
181,Srednekolymsk,RU,2022-04-14 21:37:27,67.45,153.6833,11.5,92,100,7.18
182,Torbay,CA,2022-04-14 21:38:27,47.6666,-52.7314,38.28,76,20,20.71
183,Karla,EE,2022-04-14 21:38:27,59.3723,24.9275,39.15,93,100,8.05
184,Ribeira Grande,PT,2022-04-14 21:38:28,38.5167,-28.7,63.0,82,40,19.57
185,Deputatskiy,RU,2022-04-14 21:38:28,69.3,139.9,-4.27,100,95,0.67
186,Gravdal,NO,2022-04-14 21:38:28,68.1214,13.5031,37.74,65,61,2.37
187,Pahalgam,IN,2022-04-14 21:38:29,34.0333,75.3333,37.44,62,6,9.69
188,Saint-Pierre,RE,2022-04-14 21:38:29,-21.3393,55.4781,78.48,79,75,16.11
189,Guerrero Negro,MX,2022-04-14 21:38:30,27.9769,-114.0611,69.51,49,60,17.02
190,Mangrol,IN,2022-04-14 21:38:30,21.1167,70.1167,79.75,74,0,11.03
191,Finschhafen,PG,2022-04-14 21:38:30,-6.6024,147.8681,82.89,73,42,4.21
192,Pahrump,US,2022-04-14 21:38:31,36.2083,-115.9839,71.44,15,100,15.99
193,Salta,AR,2022-04-14 21:38:31,-24.7859,-65.4117,59.59,88,100,5.75
194,Marsabit,KE,2022-04-14 21:38:32,2.3284,37.9899,68.29,75,95,9.73
195,Mikhaylov,RU,2022-04-14 21:38:32,54.2292,39.0186,37.31,81,1,7.25
196,Talnakh,RU,2022-04-14 21:38:32,69.4865,88.3972,23.31,88,100,11.5
197,Sistranda,NO,2022-04-14 21:38:33,63.7256,8.834,37.36,70,12,15.26
198,Portobelo,PA,2022-04-14 21:38:33,9.55,-79.65,85.96,85,55,12.5
199,Kahului,US,2022-04-14 21:35:48,20.8947,-156.47,84.22,62,20,23.02
200,Arraial Do Cabo,BR,2022-04-14 21:38:34,-22.9661,-42.0278,76.96,88,0,11.5
201,Mnogovershinnyy,RU,2022-04-14 21:38:34,53.9353,139.9242,21.94,85,45,6.55
202,Cabo San Lucas,MX,2022-04-14 21:38:34,22.8909,-109.9124,83.61,50,40,11.5
203,Saint George,US,2022-04-14 21:35:47,37.1041,-113.5841,72.63,10,0,5.01
204,Muzhi,RU,2022-04-14 21:38:35,65.3667,64.6667,28.47,70,83,14.63
205,Betamcherla,IN,2022-04-14 21:38:35,15.4667,78.1667,80.44,65,81,7.4
206,Sintea Mare,RO,2022-04-14 21:38:36,46.5167,21.6,53.71,63,6,3.47
207,Vila Franca Do Campo,PT,2022-04-14 21:38:36,37.7167,-25.4333,61.21,92,100,8.9
208,Ventspils,LV,2022-04-14 21:38:36,57.3894,21.5606,40.93,100,100,4.61
209,Boali,CF,2022-04-14 21:38:37,4.8005,18.1275,68.59,97,62,0.4
210,Porto Novo,BJ,2022-04-14 21:38:37,6.4965,2.6036,82.22,79,95,7.27
211,Enumclaw,US,2022-04-14 21:38:38,47.2043,-121.9915,47.91,69,99,5.99
212,Marand,IR,2022-04-14 21:38:38,38.4329,45.7749,43.11,40,36,3.53
213,Morondava,MG,2022-04-14 21:38:38,-20.2833,44.2833,77.85,75,93,4.88
214,Lambarene,GA,2022-04-14 21:38:38,-0.7001,10.2406,75.13,94,91,0.85
215,Bardiyah,LY,2022-04-14 21:38:39,31.7561,25.0865,60.21,73,100,16.28
216,Panama City,PA,2022-04-14 21:35:19,8.9936,-79.5197,88.38,71,40,5.75
217,Tiruchchirappalli,IN,2022-04-14 21:38:39,10.8167,78.6833,82.51,74,75,9.22
218,Ransang,PH,2022-04-14 21:38:40,8.9603,117.5828,77.94,86,46,1.03
219,Indio,US,2022-04-14 21:38:40,33.7206,-116.2156,84.54,10,0,5.99
220,Jamestown,US,2022-04-14 21:36:13,42.097,-79.2353,54.52,17,0,21.85
221,Lagos De Moreno,MX,2022-04-14 21:38:41,21.35,-101.9167,85.28,16,100,5.82
222,Alice Springs,AU,2022-04-14 21:38:41,-23.7,133.8833,69.22,32,6,0.0
223,Lazurne,UA,2022-04-14 21:38:41,46.084,32.5295,50.13,79,16,1.81
224,Westport,US,2022-04-14 21:38:42,41.1415,-73.3579,74.44,66,97,4.0
225,Mega,ET,2022-04-14 21:38:42,4.05,38.3,61.95,84,98,6.15
226,Port Antonio,JM,2022-04-14 21:39:42,18.18,-76.4612,84.99,68,0,15.43
227,Negombo,LK,2022-04-14 21:39:43,7.2083,79.8358,78.85,100,20,4.61
228,Yamethin,MM,2022-04-14 21:39:43,20.4333,96.15,78.17,59,40,7.87
229,Zhigansk,RU,2022-04-14 21:39:43,66.7697,123.3711,24.44,85,100,7.76
230,Sao Joao Da Barra,BR,2022-04-14 21:39:44,-21.6403,-41.0511,77.09,87,80,12.01
231,Malsch,DE,2022-04-14 21:39:44,48.8833,8.3333,59.58,87,99,1.43
232,Niquero,CU,2022-04-14 21:39:44,20.0431,-77.5828,82.26,68,31,10.42
233,Khandbari,NP,2022-04-14 21:39:45,27.3747,87.2039,68.0,44,7,6.02
234,Riobamba,EC,2022-04-14 21:39:45,-1.6667,-78.6333,64.76,63,75,17.27
235,Grindavik,IS,2022-04-14 21:39:45,63.8424,-22.4338,49.95,93,100,35.68
236,Milas,TR,2022-04-14 21:39:46,37.3164,27.7839,47.55,57,0,4.61
237,Lattes,FR,2022-04-14 21:39:46,43.5675,3.9046,62.06,60,0,3.44
238,Ancud,CL,2022-04-14 21:37:58,-41.8697,-73.8203,54.43,85,0,2.77
239,Varhaug,NO,2022-04-14 21:39:47,58.6147,5.6457,43.9,89,10,3.11
240,Fez,MA,2022-04-14 21:39:47,34.0372,-4.9998,55.65,94,20,8.05
241,Zhezkazgan,KZ,2022-04-14 21:39:47,47.8043,67.7144,56.05,35,2,8.97
242,Seoul,KR,2022-04-14 21:36:26,37.5683,126.9778,45.84,75,0,4.61
243,Sur,OM,2022-04-14 21:39:48,22.5667,59.5289,85.55,41,27,11.65
244,Katsuura,JP,2022-04-14 21:37:52,35.1333,140.3,54.07,94,100,17.69
245,Dalby,AU,2022-04-14 21:37:59,-27.1833,151.2667,63.72,70,0,11.16
246,Regina,CA,2022-04-14 21:38:35,50.4501,-104.6178,20.03,80,100,24.16
247,Husum,DE,2022-04-14 21:39:49,54.4858,9.0524,48.15,91,100,9.51
248,Flinders,AU,2022-04-14 21:39:49,-34.5833,150.8552,60.39,88,48,4.92
249,Buchanan,LR,2022-04-14 21:39:49,5.8808,-10.0467,79.83,88,93,7.67
250,Charters Towers,AU,2022-04-14 21:39:50,-20.1,146.2667,70.77,74,38,12.03
251,Beloha,MG,2022-04-14 21:39:50,-25.1667,45.05,75.0,79,80,5.82
252,Lavrentiya,RU,2022-04-14 21:37:59,65.5833,-171.0,32.61,99,100,9.55
253,Labrea,BR,2022-04-14 21:39:50,-7.2586,-64.7981,74.97,98,100,2.08
254,Sopelana,ES,2022-04-14 21:38:25,43.3789,-2.9831,57.81,85,75,3.44
255,Pundaguitan,PH,2022-04-14 21:39:51,6.3711,126.1689,80.76,78,54,6.02
256,Saint Anthony,US,2022-04-14 21:38:31,45.0205,-93.218,34.66,78,100,25.32
257,Kavieng,PG,2022-04-14 21:39:51,-2.5744,150.7967,83.14,76,67,11.74
258,Faanui,PF,2022-04-14 21:39:52,-16.4833,-151.75,82.44,71,24,19.17
259,Moyale,KE,2022-04-14 21:39:52,3.5167,39.0584,69.13,81,99,2.48
260,Marshall,US,2022-04-14 21:37:08,34.3834,-86.3333,70.32,44,0,12.66
261,Samarai,PG,2022-04-14 21:39:53,-10.6167,150.6667,83.41,74,97,12.33
262,Suntar,RU,2022-04-14 21:39:53,62.1444,117.6319,23.38,92,100,7.72
263,Novoagansk,RU,2022-04-14 21:39:53,61.9449,76.6625,38.03,99,100,6.87
264,Roald,NO,2022-04-14 21:39:54,62.5833,6.1333,44.33,75,0,11.5
265,Canon City,US,2022-04-14 21:37:34,38.441,-105.2424,65.17,11,0,13.8
266,Belyy Yar,RU,2022-04-14 21:39:54,53.6039,91.3903,29.86,69,0,4.47
267,Kaitangata,NZ,2022-04-14 21:39:54,-46.2817,169.8464,55.2,70,12,4.68
268,Karratha,AU,2022-04-14 21:39:55,-20.7377,116.8463,86.92,29,64,13.0
269,Cremona,IT,2022-04-14 21:39:55,45.2333,9.9333,61.48,73,14,4.54
270,Nome,US,2022-04-14 21:39:55,64.5011,-165.4064,38.1,75,100,10.36
271,Vanavara,RU,2022-04-14 21:39:56,60.34,102.2797,32.04,96,100,4.9
272,Waipawa,NZ,2022-04-14 21:36:50,-41.4122,175.5153,53.33,56,27,2.66
273,Praia Da Vitoria,PT,2022-04-14 21:36:02,38.7333,-27.0667,62.85,82,75,20.54
274,Valdivia,CL,2022-04-14 21:40:56,-39.8142,-73.2459,68.09,80,0,2.39
275,Qinzhou,CN,2022-04-14 21:40:57,21.95,108.6167,73.26,88,6,5.59
276,Broome,US,2022-04-14 21:40:57,42.2506,-75.833,54.9,74,100,12.66
277,Rovaniemi,FI,2022-04-14 21:40:58,66.5,25.7167,31.41,80,0,9.22
278,Upernavik,GL,2022-04-14 21:40:58,72.7868,-56.1549,-9.94,97,41,8.93
279,Rocha,UY,2022-04-14 21:36:27,-34.4833,-54.3333,52.86,71,0,7.94
280,Mnichovo Hradiste,CZ,2022-04-14 21:40:58,50.5272,14.9713,53.13,88,94,8.52
281,Nandi Hills,KE,2022-04-14 21:40:59,0.1066,35.1838,58.44,84,100,4.12
282,Necochea,AR,2022-04-14 21:40:59,-38.5473,-58.7368,54.75,66,0,7.9
283,Kavaratti,IN,2022-04-14 21:40:59,10.5669,72.642,82.11,75,30,5.53
284,San Policarpo,PH,2022-04-14 21:41:00,12.1791,125.5072,76.15,90,90,5.1
285,Opunake,NZ,2022-04-14 21:41:00,-39.4556,173.8583,62.85,68,15,7.2
286,Glace Bay,CA,2022-04-14 21:41:01,46.1969,-59.957,45.05,76,40,12.66
287,Tadine,NC,2022-04-14 21:41:01,-21.55,167.8833,79.99,83,100,13.09
288,La Primavera,CO,2022-04-14 21:41:02,5.4906,-70.4092,95.11,32,95,2.57
289,Mahajanga,MG,2022-04-14 21:41:02,-15.7167,46.3167,80.62,74,40,2.3
290,Batagay,RU,2022-04-14 21:41:03,67.6333,134.6333,8.73,89,68,1.19
291,Yashan,CN,2022-04-14 21:41:03,22.1975,109.9419,71.04,87,1,2.3
292,Trujillo,PE,2022-04-14 21:41:04,-8.116,-79.03,66.16,82,81,12.66
293,Puro,PH,2022-04-14 21:41:04,12.4841,123.3827,79.32,80,44,1.36
294,Aquiraz,BR,2022-04-14 21:38:19,-3.9014,-38.3911,83.17,81,63,6.91
295,Hofn,IS,2022-04-14 21:41:04,64.2539,-15.2082,46.0,99,100,14.09
296,Kolondieba,ML,2022-04-14 21:41:05,11.0882,-6.8926,90.61,30,46,6.33
297,Kushima,JP,2022-04-14 21:41:06,31.4583,131.2333,66.16,91,65,3.98
298,Nemuro,JP,2022-04-14 21:41:06,43.3236,145.575,33.76,91,100,6.71
299,Hokitika,NZ,2022-04-14 21:41:06,-42.7167,170.9667,58.01,68,82,1.72
300,Rosetta,EG,2022-04-14 21:41:07,31.4044,30.4164,59.45,66,0,11.1
301,Kjopsvik,NO,2022-04-14 21:41:07,68.097,16.3742,32.16,88,34,6.69
302,Klyuchi,RU,2022-04-14 21:41:08,52.2667,79.1667,42.58,51,2,5.37
303,Plouzane,FR,2022-04-14 21:41:08,48.3833,-4.6167,52.12,100,100,4.61
304,Yar-Sale,RU,2022-04-14 21:41:09,66.8333,70.8333,33.94,99,100,14.65
305,Kununurra,AU,2022-04-14 21:41:09,-15.7667,128.7333,73.38,94,52,5.75
306,Businga,CD,2022-04-14 21:41:09,3.3333,20.8833,70.81,95,98,2.35
307,Itigi,TZ,2022-04-14 21:41:10,-5.7,34.4833,62.73,98,69,7.02
308,Massaguet,TD,2022-04-14 21:41:10,12.4755,15.4365,89.98,24,68,4.85
309,Dale,US,2022-04-14 21:41:11,38.1689,-86.99,64.06,31,0,17.27
310,Pisco,PE,2022-04-14 21:41:11,-13.7,-76.2167,69.85,73,0,23.02
311,Kargasok,RU,2022-04-14 21:41:12,59.0556,80.8572,36.7,89,39,9.64
312,San Ignacio,BZ,2022-04-14 21:41:12,17.1561,-89.0714,96.94,46,40,0.0
313,Mogadishu,SO,2022-04-14 21:41:12,2.0371,45.3438,82.78,76,76,11.92
314,Tomatlan,MX,2022-04-14 21:41:13,19.9333,-105.25,87.94,35,100,7.2
315,Oktyabrskoye,RU,2022-04-14 21:41:13,43.0645,44.7417,37.54,93,78,2.24
316,Lardos,GR,2022-04-14 21:41:14,36.0942,28.0157,62.94,66,52,4.83
317,Stettler,CA,2022-04-14 21:41:14,52.3168,-112.7186,26.69,68,100,10.36
318,Kharan,PK,2022-04-14 21:42:15,28.5833,65.4167,77.83,8,3,5.68
319,Tazovskiy,RU,2022-04-14 21:42:15,67.4667,78.7,33.12,99,100,12.64
320,Klaksvik,FO,2022-04-14 21:42:16,62.2266,-6.589,45.52,91,100,30.33
321,Inta,RU,2022-04-14 21:42:16,66.0317,60.1659,26.13,85,100,22.55
322,Ugoofaaru,MV,2022-04-14 21:42:17,5.6667,73.0,84.04,75,100,9.28
323,Severodvinsk,RU,2022-04-14 21:42:04,64.5635,39.8302,30.31,96,66,6.31
324,Taoudenni,ML,2022-04-14 21:42:17,22.6783,-3.9836,82.98,14,0,11.99
325,Havelock,US,2022-04-14 21:42:18,34.8791,-76.9013,77.02,82,20,19.57
326,Volpago Del Montello,IT,2022-04-14 21:42:18,45.7773,12.1144,59.9,68,0,1.14
327,Alofi,NU,2022-04-14 21:42:18,-19.0595,-169.9187,84.09,74,19,9.22
328,Tula,RU,2022-04-14 21:42:19,54.2044,37.6111,38.17,77,29,5.57
329,Urumqi,CN,2022-04-14 21:42:19,43.801,87.6005,40.15,21,0,8.95
330,Mountain Home,US,2022-04-14 21:41:46,43.133,-115.6912,47.68,100,75,8.05
331,Iranshahr,IR,2022-04-14 21:42:20,27.2025,60.6848,80.94,14,0,6.91
332,Linjiang,CN,2022-04-14 21:42:20,41.8069,126.9078,41.43,72,100,2.19
333,Hendek,TR,2022-04-14 21:42:21,40.7994,30.7481,45.23,75,36,3.71
334,Berdigestyakh,RU,2022-04-14 21:42:21,62.0989,126.6992,22.39,96,100,4.54
335,Aborlan,PH,2022-04-14 21:42:22,9.4352,118.5492,77.07,87,50,4.32
336,Vaitape,PF,2022-04-14 21:42:22,-16.5167,-151.75,82.45,71,24,19.19
337,Santa Cruz,BO,2022-04-14 21:42:23,-17.8,-63.1667,77.05,53,75,19.57
338,Coihaique,CL,2022-04-14 21:42:23,-45.5752,-72.0662,68.61,52,0,4.61
339,Lalmohan,BD,2022-04-14 21:42:24,22.3384,90.7419,81.88,82,11,17.49
340,Barth,DE,2022-04-14 21:42:24,54.3635,12.7249,49.05,92,54,10.33
341,Constitucion,CL,2022-04-14 21:42:25,-35.3333,-72.4167,56.75,78,1,5.17
342,Hualmay,PE,2022-04-14 21:39:06,-11.0964,-77.6139,70.29,76,37,14.27
343,Rundu,NA,2022-04-14 21:42:26,-17.9333,19.7667,65.91,76,8,3.67
344,Codrington,AU,2022-04-14 21:39:12,-38.2667,141.9667,61.5,49,100,6.6
345,Mingoyo,TZ,2022-04-14 21:42:26,-10.1,39.6333,73.99,98,89,2.98
346,Chicama,PE,2022-04-14 21:42:27,-7.8447,-79.1469,64.94,68,84,9.37
347,Clarence Town,AU,2022-04-14 21:42:27,-32.5833,151.7833,61.86,84,32,2.08
348,Kaka,TM,2022-04-14 21:42:27,37.3482,59.6143,63.54,51,60,6.31
349,Yamada,JP,2022-04-14 21:42:28,39.4667,141.95,41.52,97,100,7.36
350,Manfredonia,IT,2022-04-14 21:42:28,41.6259,15.9094,54.07,87,86,5.75
351,Luhyny,UA,2022-04-14 21:42:29,51.082,28.4006,45.0,67,86,5.55
352,Prainha,BR,2022-04-14 21:42:29,-1.8,-53.48,77.68,90,91,2.39
353,Adrar,MR,2022-04-14 21:42:29,20.5022,-10.0711,75.56,21,0,10.87
354,Kalmar,SE,2022-04-14 21:42:30,56.6616,16.3616,40.93,98,100,10.36
355,Tambopata,PE,2022-04-14 21:42:30,-12.7333,-69.1833,74.71,81,93,6.29
356,Sola,VU,2022-04-14 21:42:31,-13.8833,167.55,81.27,94,75,0.0
357,Saraza,PH,2022-04-14 21:42:31,8.7356,117.78,77.18,87,75,3.22
358,Padang,ID,2022-04-14 21:42:31,-0.9492,100.3543,77.7,87,99,2.39
359,Inongo,CD,2022-04-14 21:42:32,-1.95,18.2667,71.8,95,100,5.57
360,Perpignan,FR,2022-04-14 21:42:32,42.75,2.75,62.98,58,0,8.05
361,Hasaki,JP,2022-04-14 21:42:32,35.7333,140.8333,50.4,90,100,19.91
362,Manakara,MG,2022-04-14 21:42:33,-22.1333,48.0167,73.38,92,22,4.38
363,Noumea,NC,2022-04-14 21:42:33,-22.2763,166.4572,79.0,99,100,3.4
364,Minot,US,2022-04-14 21:42:33,48.2325,-101.2963,19.62,86,100,21.85
365,Aluksne,LV,2022-04-14 21:42:34,57.4167,27.05,43.21,82,100,4.32
366,Newtownards,GB,2022-04-14 21:43:34,54.5924,-5.6909,49.95,88,20,6.91
367,Ndele,CF,2022-04-14 21:43:34,8.4109,20.6473,72.37,79,100,4.94
368,Bandarbeyla,SO,2022-04-14 21:43:35,9.4942,50.8122,80.33,83,12,5.53
369,Kholtoson,RU,2022-04-14 21:43:36,50.2981,103.3097,17.37,86,3,3.94
370,Esperance,AU,2022-04-14 21:43:36,-33.8667,121.9,60.64,64,99,4.56
371,Luancheng,CN,2022-04-14 21:43:36,37.8792,114.6517,44.76,44,100,5.93
372,Oktyabrskiy,RU,2022-04-14 21:43:37,54.4815,53.471,45.81,84,99,16.4
373,Kempele,FI,2022-04-14 21:43:37,64.9131,25.5034,32.02,93,0,8.05
374,Poum,NC,2022-04-14 21:43:38,-20.2333,164.0167,77.2,82,91,2.06
375,Vanimo,PG,2022-04-14 21:43:38,-2.6741,141.3028,79.18,89,79,5.03
376,Makakilo City,US,2022-04-14 21:43:39,21.3469,-158.0858,80.92,52,20,18.41
377,Puerto Narino,CO,2022-04-14 21:43:39,-3.7703,-70.3831,78.03,89,100,0.49
378,Puerto Del Rosario,ES,2022-04-14 21:43:39,28.5004,-13.8627,64.15,77,20,18.41
379,San Patricio,US,2022-04-14 21:43:40,28.017,-97.5169,84.29,54,97,18.86
380,Natal,BR,2022-04-14 21:43:40,-5.795,-35.2094,83.05,78,20,8.05
381,Ponta Do Sol,PT,2022-04-14 21:43:41,32.6667,-17.1,65.71,82,38,3.51
382,Mayumba,GA,2022-04-14 21:43:41,-3.432,10.6554,77.74,89,96,2.53
383,Srivardhan,IN,2022-04-14 21:43:41,18.0333,73.0167,80.37,81,100,1.99
384,Poso,ID,2022-04-14 21:43:42,-1.3959,120.7524,76.6,88,100,4.27
385,Arua,UG,2022-04-14 21:43:42,3.0201,30.9111,67.62,83,100,8.57
386,Prudy,RU,2022-04-14 21:43:42,57.5738,46.2718,31.75,92,12,11.63
387,Portland,US,2022-04-14 21:39:12,45.5234,-122.6762,50.9,74,75,6.91
388,Ambositra,MG,2022-04-14 21:43:43,-20.5167,47.25,60.22,94,93,3.29
389,Bilibino,RU,2022-04-14 21:43:43,68.0546,166.4372,22.33,86,83,4.07
390,Longyearbyen,SJ,2022-04-14 21:41:17,78.2186,15.6401,21.04,68,75,3.44
391,San-Pedro,CI,2022-04-14 21:43:44,4.7485,-6.6363,80.92,84,80,9.08
392,Sawakin,SD,2022-04-14 21:43:44,19.1059,37.3321,79.3,69,17,11.92
393,Richmond,US,2022-04-14 21:39:52,37.5538,-77.4603,82.27,41,75,19.57
394,Mersing,MY,2022-04-14 21:43:45,2.4312,103.8405,75.11,94,99,4.61
395,Gladstone,AU,2022-04-14 21:43:45,-23.85,151.25,69.78,64,0,6.91
396,Waslala,NI,2022-04-14 21:43:45,13.2333,-85.3833,88.38,46,10,9.64
397,Kiunga,PG,2022-04-14 21:43:46,-6.1219,141.2906,74.7,98,100,0.45
398,Sitka,US,2022-04-14 21:43:46,57.0531,-135.33,46.29,29,0,8.05
399,Srikakulam,IN,2022-04-14 21:43:46,18.3,83.9,81.72,80,100,9.6
400,Muisne,EC,2022-04-14 21:43:47,0.6,-80.0333,77.63,83,87,8.01
401,Logumkloster,DK,2022-04-14 21:43:47,55.0594,8.9551,46.26,92,99,7.94
402,Ust-Tsilma,RU,2022-04-14 21:43:47,65.441,52.1498,25.86,85,82,8.68
403,Paamiut,GL,2022-04-14 21:43:48,61.994,-49.6678,23.07,81,93,29.39
404,Tibu,CO,2022-04-14 21:43:48,8.639,-72.7358,91.2,52,92,1.34
405,Leh,IN,2022-04-14 21:43:48,34.1667,77.5833,33.8,52,81,4.05
406,Provideniya,RU,2022-04-14 21:43:49,64.3833,-173.3,32.36,93,75,15.99
407,Comodoro Rivadavia,AR,2022-04-14 21:43:49,-45.8667,-67.5,75.06,38,0,6.91
408,Alyangula,AU,2022-04-14 21:43:49,-13.8483,136.4192,73.27,94,94,3.44
409,Mecca,SA,2022-04-14 21:43:50,21.4267,39.8261,80.76,47,17,1.66
410,Guane,CU,2022-04-14 21:44:50,22.2025,-84.0875,84.45,59,30,6.85
411,Statesboro,US,2022-04-14 21:44:51,32.4488,-81.7832,76.8,57,0,5.75
412,Saint-Francois,FR,2022-04-14 21:44:51,46.4154,3.9054,54.68,81,0,1.14
413,Santa Maria,BR,2022-04-14 21:44:04,-29.6842,-53.8069,65.5,45,0,3.44
414,Nagua,DO,2022-04-14 21:44:52,19.3832,-69.8474,84.51,74,40,13.8
415,Udachnyy,RU,2022-04-14 21:44:52,66.4167,112.4,14.45,92,99,15.12
416,Half Moon Bay,US,2022-04-14 21:44:52,37.4636,-122.4286,62.06,82,100,14.97
417,Macultepec,MX,2022-04-14 21:44:53,18.1667,-92.8333,96.1,52,40,0.0
418,Namibe,AO,2022-04-14 21:44:54,-15.1961,12.1522,75.65,78,78,6.73
419,La Ronge,CA,2022-04-14 21:40:18,55.1001,-105.2842,23.25,36,100,13.8
420,Cherdyn,RU,2022-04-14 21:44:54,60.403,56.4787,31.96,91,100,7.05
421,Turka,UA,2022-04-14 21:44:54,49.1541,23.0297,40.8,81,73,5.66
422,Hambantota,LK,2022-04-14 21:44:55,6.1241,81.1185,77.34,100,20,2.3
423,Sampit,ID,2022-04-14 21:44:55,-2.5333,112.95,73.81,96,100,0.65
424,Bonavista,CA,2022-04-14 21:44:56,48.6499,-53.1147,30.69,83,27,18.84
425,Shediac,CA,2022-04-14 21:44:56,46.2198,-64.5411,52.32,43,100,11.5
426,Maniitsoq,GL,2022-04-14 21:44:56,65.4167,-52.9,19.4,69,57,16.17
427,Nivala,FI,2022-04-14 21:44:57,63.9167,24.9667,33.69,96,100,6.08
428,Ust-Omchug,RU,2022-04-14 21:44:57,61.15,149.6333,11.95,89,100,5.44
429,Wufeng,CN,2022-04-14 21:44:58,27.45,104.8333,50.34,97,100,2.37
430,Dingle,PH,2022-04-14 21:44:58,10.9995,122.6711,75.16,89,96,1.01
431,Zyryanka,RU,2022-04-14 21:44:58,65.75,150.85,8.47,94,100,14.5
432,Ha Giang,VN,2022-04-14 21:44:59,22.8333,104.9833,74.64,95,97,2.44
433,Morden,CA,2022-04-14 21:43:19,49.1919,-98.1014,17.46,79,100,17.27
434,De Aar,ZA,2022-04-14 21:44:59,-30.6497,24.0123,62.29,47,34,2.95
435,Alta Floresta,BR,2022-04-14 21:45:00,-9.8756,-56.0861,75.16,91,93,2.42
436,Nioro,GM,2022-04-14 21:45:00,13.35,-15.75,81.32,40,24,11.1
437,Rochegda,RU,2022-04-14 21:45:00,62.8,43.25,26.17,95,99,2.13
438,Port-Cartier,CA,2022-04-14 21:42:26,50.0334,-66.8654,44.71,94,80,6.08
439,Rockland,US,2022-04-14 21:45:01,41.1668,-74.0496,73.45,88,95,17.72
440,Ocos,GT,2022-04-14 21:45:02,14.5094,-92.1933,86.04,62,82,12.77
441,Terbuny,RU,2022-04-14 21:45:02,52.1389,38.2789,39.42,83,15,7.27
442,Lata,PT,2022-04-14 21:45:03,40.1629,-8.3327,50.2,94,0,1.79
443,Hede,CN,2022-04-14 21:45:03,33.7681,120.2517,45.64,90,14,7.78
444,Byron Bay,AU,2022-04-14 21:44:23,-28.65,153.6167,63.72,80,52,11.77
445,San Jeronimo,PE,2022-04-14 21:45:04,-11.9472,-75.2829,61.65,57,33,7.36
446,Richards Bay,ZA,2022-04-14 21:45:04,-28.783,32.0377,69.08,88,39,3.29
447,Rio Gallegos,AR,2022-04-14 21:45:05,-51.6226,-69.2181,57.25,54,40,6.91
448,Quesnel,CA,2022-04-14 21:45:05,52.9999,-122.5029,39.7,22,0,6.91
449,Maralal,KE,2022-04-14 21:45:06,1.0968,36.698,60.1,89,97,7.58
450,Taltal,CL,2022-04-14 21:45:06,-25.4,-70.4833,61.65,79,42,1.16
451,Oistins,BB,2022-04-14 21:45:07,13.0667,-59.5333,80.69,78,75,19.57
452,Havre,FR,2022-04-14 21:45:07,49.5833,0.3333,54.0,87,0,4.61
453,Muros,ES,2022-04-14 21:45:07,42.7762,-9.0603,54.84,85,11,6.58
454,Praya,CV,2022-04-14 21:46:08,14.9215,-23.5087,70.34,68,20,16.11
455,Punta De Bombon,PE,2022-04-14 21:46:08,-17.1717,-71.7931,67.55,76,22,6.71
456,Fairbanks,US,2022-04-14 21:46:08,64.8378,-147.7164,42.76,41,0,3.44
457,Maku,IR,2022-04-14 21:46:09,39.2911,44.4521,40.5,43,0,3.74
458,Aguimes,ES,2022-04-14 21:46:09,27.9054,-15.4461,62.65,65,20,29.93
459,Otane,NZ,2022-04-14 21:46:10,-39.8833,176.6333,53.01,65,2,1.3
460,Ossora,RU,2022-04-14 21:46:10,59.2353,163.0719,25.59,90,100,3.13
461,Zhangye,CN,2022-04-14 21:46:10,38.9342,100.4517,47.19,35,83,4.32
462,Pangai,TO,2022-04-14 21:46:11,-19.8,-174.35,84.31,79,20,8.05
463,Anchorage,US,2022-04-14 21:41:20,61.2181,-149.9003,45.48,62,0,5.75
464,Plymouth,US,2022-04-14 21:45:46,41.8334,-70.8328,64.31,77,75,9.22
465,Korla,CN,2022-04-14 21:46:12,41.7597,86.1469,56.05,23,63,8.61
466,Semporna,MY,2022-04-14 21:46:12,4.4818,118.6112,77.99,87,77,3.4
467,Dezhou,CN,2022-04-14 21:46:13,37.4486,116.2925,45.59,51,99,8.34
468,Yantal,RU,2022-04-14 21:46:13,56.8471,105.2542,32.7,90,100,11.01
469,Vao,NC,2022-04-14 21:46:13,-22.6667,167.4833,76.89,82,58,13.2
470,Kibala,TD,2022-04-14 21:46:14,9.1104,18.3463,80.55,65,0,6.91
471,Kulhudhuffushi,MV,2022-04-14 21:46:14,6.6221,73.07,83.93,74,75,8.08
472,Chilca,PE,2022-04-14 21:46:15,-12.5211,-76.7372,67.89,82,32,11.72
473,Wattegama,LK,2022-04-14 21:46:15,6.7989,81.4808,75.04,93,99,2.98
474,Turukhansk,RU,2022-04-14 21:46:16,65.8167,87.9833,33.98,92,100,13.58
475,Eresos,GR,2022-04-14 21:46:17,39.1667,25.9333,56.35,62,0,9.75
476,Tahe,CN,2022-04-14 21:46:17,52.3333,124.7333,27.75,84,80,4.18
477,Port Blair,IN,2022-04-14 21:46:17,11.6667,92.75,77.04,94,20,2.3
478,Lloydminster,CA,2022-04-14 21:46:18,53.2835,-110.0016,26.82,46,100,12.66
479,Baghdad,IQ,2022-04-14 21:46:18,33.3406,44.4009,66.11,20,0,14.97
480,Carauari,BR,2022-04-14 21:46:19,-4.8828,-66.8958,76.48,94,91,3.02
481,Trairi,BR,2022-04-14 21:46:19,-3.2778,-39.2689,78.01,85,64,6.35
482,Talara,PE,2022-04-14 21:43:51,-4.5772,-81.2719,77.76,61,0,19.57
483,Gweta,BW,2022-04-14 21:46:20,-20.1833,25.2333,77.32,41,100,6.58
484,Taurage,LT,2022-04-14 21:46:20,55.2522,22.2897,47.95,98,100,3.87
485,Mazamari,PE,2022-04-14 21:46:21,-11.3258,-74.5308,81.91,71,76,1.41
486,Zeya,RU,2022-04-14 21:46:21,53.75,127.2667,29.23,77,84,0.45
487,Balaipungut,ID,2022-04-14 21:46:21,1.05,101.2833,74.57,98,100,2.21
488,Kikwit,CD,2022-04-14 21:46:22,-5.041,18.8162,71.56,96,100,2.15
489,Aleksandrov Gay,RU,2022-04-14 21:46:23,50.147,48.5704,43.54,86,98,23.02
490,Rudnogorsk,RU,2022-04-14 21:46:23,57.2639,103.7519,31.62,91,100,8.86
491,Kerrville,US,2022-04-14 21:43:24,30.0474,-99.1403,83.55,25,0,11.5
492,Mitzic,GA,2022-04-14 21:46:24,0.7821,11.549,67.51,97,73,1.3
493,Copperas Cove,US,2022-04-14 21:46:24,31.1241,-97.9031,80.29,29,20,14.97
494,Jinka,ET,2022-04-14 21:46:25,5.65,36.65,65.59,77,93,4.12
495,Qui Nhon,VN,2022-04-14 21:43:14,13.7667,109.2333,75.76,91,50,2.42
496,Kamenka,RU,2022-04-14 21:46:25,51.3223,42.7678,44.08,88,100,13.87
497,Batsfjord,NO,2022-04-14 21:46:26,70.6345,29.7185,31.78,100,75,34.52
498,Pandaria,IN,2022-04-14 21:46:26,22.2333,81.4167,80.83,36,84,1.19
499,Ranong,TH,2022-04-14 21:46:26,9.9658,98.6348,78.58,83,60,4.25
500,Sinnai,IT,2022-04-14 21:46:27,39.3042,9.2036,58.5,67,0,4.61
501,Bulgan,MN,2022-04-14 21:47:27,48.8125,103.5347,27.1,56,0,1.41
502,Palmer,US,2022-04-14 21:47:28,42.1584,-72.3287,73.2,57,75,8.05
503,Tual,ID,2022-04-14 21:47:28,-5.6667,132.75,83.3,75,100,3.85
504,Mount Gambier,AU,2022-04-14 21:47:28,-37.8333,140.7667,55.31,71,75,2.3
505,Kungurtug,RU,2022-04-14 21:47:29,50.5994,97.5228,9.82,91,18,2.3
506,Saurimo,AO,2022-04-14 21:47:29,-9.6608,20.3916,65.46,97,93,2.62
507,Cabedelo,BR,2022-04-14 21:47:29,-6.9811,-34.8339,81.27,75,45,11.14
508,Lalibela,ET,2022-04-14 21:47:30,12.0333,39.0333,63.68,36,40,6.98
509,Biak,ID,2022-04-14 21:47:30,-0.9131,122.8766,76.71,83,99,2.44
510,Barinas,VE,2022-04-14 21:47:30,8.6226,-70.2075,98.64,34,99,3.44
511,Sabang,ID,2022-04-14 21:47:31,5.8933,95.3214,82.85,73,94,5.77
512,Prenzlau,DE,2022-04-14 21:47:31,53.3167,13.8667,50.34,94,99,6.71
513,Chlorakas,CY,2022-04-14 21:47:32,34.8042,32.4083,54.48,50,0,8.05
514,Fare,PF,2022-04-14 21:47:32,-16.7,-151.0167,81.9,72,17,18.66
515,Taos,US,2022-04-14 21:47:32,36.4072,-105.5731,55.8,13,0,27.63
516,Panji,ID,2022-04-14 21:47:33,-7.7253,114.0995,74.14,80,22,4.47
517,Maningrida,AU,2022-04-14 21:47:33,-12.0667,134.2667,76.59,87,57,6.08
518,Smolenka,RU,2022-04-14 21:47:33,52.1352,113.4974,35.67,38,80,11.18
519,Thinadhoo,MV,2022-04-14 21:47:00,0.5333,72.9333,83.14,68,100,6.13
520,Atar,MR,2022-04-14 21:47:34,20.5169,-13.0499,78.03,21,0,8.21
521,Atambua,ID,2022-04-14 21:47:34,-9.1061,124.8925,74.08,88,94,1.63
522,Svetlogorsk,BY,2022-04-14 21:47:35,52.6333,29.7333,44.53,67,100,6.02
523,Ducheng,CN,2022-04-14 21:47:35,23.2373,111.5317,68.77,80,25,3.65
524,Solnechnyy,RU,2022-04-14 21:47:35,50.7214,136.6319,28.2,72,39,4.29
525,Las Vegas,US,2022-04-14 21:42:59,36.175,-115.1372,78.24,13,0,11.5
526,Gayny,RU,2022-04-14 21:47:36,60.3071,54.3241,31.91,87,100,6.6
527,Lulea,SE,2022-04-14 21:47:36,65.5842,22.1547,32.07,69,9,6.91
528,Batemans Bay,AU,2022-04-14 21:47:37,-35.7167,150.1833,61.11,78,29,3.91
529,Pathein,MM,2022-04-14 21:47:37,16.7833,94.7333,78.1,85,3,6.06
530,Mayen,DE,2022-04-14 21:47:38,50.3333,7.2167,54.63,92,66,4.07
531,Yibin,CN,2022-04-14 21:47:38,28.7667,104.6238,61.63,96,100,5.08
532,Bud,US,2022-04-14 21:47:38,39.447,-86.1758,59.68,38,2,17.94
533,Luau,AO,2022-04-14 21:47:39,-10.7073,22.2247,65.77,94,98,3.85
534,Fizesu Gherlii,RO,2022-04-14 21:47:39,47.0167,23.9833,40.35,68,4,1.45
535,Manicore,BR,2022-04-14 21:47:39,-5.8092,-61.3003,76.93,96,100,2.46
536,Hobyo,SO,2022-04-14 21:47:40,5.3505,48.5268,81.99,75,64,12.77
537,Calama,CL,2022-04-14 21:45:17,-22.4667,-68.9333,70.29,11,0,24.16
538,Honiara,SB,2022-04-14 21:47:40,-9.4333,159.95,83.61,70,45,3.74
539,Awjilah,LY,2022-04-14 21:47:40,29.1081,21.2869,73.38,18,70,21.03
540,Offa,NG,2022-04-14 21:47:41,8.15,4.7167,73.51,89,84,7.11
541,Sangar,RU,2022-04-14 21:47:41,63.9242,127.4739,25.43,89,100,17.94
542,Katherine,AU,2022-04-14 21:47:41,-14.4667,132.2667,75.52,88,100,2.3
543,Whitehorse,CA,2022-04-14 21:47:42,60.7161,-135.0538,41.09,19,20,2.3
544,Lengshuitan,CN,2022-04-14 21:47:42,26.4111,111.5956,57.06,91,100,8.37
545,Pakxe,LA,2022-04-14 21:47:43,15.1167,105.7833,75.94,80,8,3.76
546,Concordia,AR,2022-04-14 21:47:43,-31.393,-58.0209,59.2,58,0,6.2
547,Tripoli,LY,2022-04-14 21:47:43,32.8752,13.1875,64.51,72,100,23.76
548,Henties Bay,NA,2022-04-14 21:48:44,-22.116,14.2845,60.94,83,0,6.73
549,Turan,VN,2022-04-14 21:48:44,16.0678,108.2208,78.78,94,75,4.61
550,Nacala,MZ,2022-04-14 21:48:44,-14.5428,40.6728,76.12,91,24,2.59
551,Mehamn,NO,2022-04-14 21:48:45,71.0357,27.8492,33.08,69,97,18.34
552,Nantucket,US,2022-04-14 21:46:28,41.2835,-70.0995,57.34,85,100,6.91
553,Buenos Aires,AR,2022-04-14 21:46:21,-34.6132,-58.3772,66.09,58,0,5.75
554,Beringovskiy,RU,2022-04-14 21:48:46,63.05,179.3167,31.35,99,100,12.57
555,Vicuna,CL,2022-04-14 21:48:46,-30.0319,-70.7081,73.78,55,0,4.54
556,Pontianak,ID,2022-04-14 21:48:46,-0.0333,109.3333,76.98,94,75,2.3
557,Calvinia,ZA,2022-04-14 21:48:47,-31.4707,19.776,54.63,82,100,7.4
558,Kholbon,RU,2022-04-14 21:48:47,51.8833,116.25,32.38,65,40,10.18
559,Trofors,NO,2022-04-14 21:48:48,65.5333,13.4063,15.71,97,51,3.83
560,Montero,BO,2022-04-14 21:48:48,-17.3333,-63.25,76.1,58,64,10.31
561,Durban,ZA,2022-04-14 21:46:28,-29.8579,31.0292,70.02,92,13,3.0
562,Tamiahua,MX,2022-04-14 21:48:48,21.2667,-97.45,83.5,70,83,12.3
563,Scottsbluff,US,2022-04-14 21:48:49,41.8666,-103.6672,52.03,31,0,16.11
564,Vardo,NO,2022-04-14 21:48:49,70.3705,31.1107,32.07,87,47,10.36
565,Asosa,ET,2022-04-14 21:48:49,10.0667,34.5333,71.44,50,18,4.27
566,Calbuco,CL,2022-04-14 21:44:17,-41.768,-73.1273,56.41,86,0,3.62
567,Havoysund,NO,2022-04-14 21:48:50,70.9963,24.6622,32.23,67,66,10.02
568,Aklavik,CA,2022-04-14 21:48:50,68.2191,-135.0107,6.8,61,40,8.05
569,Arlit,NE,2022-04-14 21:48:50,18.7369,7.3853,86.52,20,36,12.33
570,Xichang,CN,2022-04-14 21:48:51,27.8964,102.2634,59.97,92,96,2.68
571,Adelaide,AU,2022-04-14 21:46:02,-34.9333,138.6,66.42,72,0,4.61
