City_ID,City,Country,Date,Lat,Lng,Max Temp,Humidity,Cloudiness,Wind Speed,Current Description
0,Chuy,UY,2022-04-17 21:45:58,-33.6971,-53.4616,62.83,75,100,7.05,overcast clouds
1,Puerto Ayora,EC,2022-04-17 21:45:59,-0.7393,-90.3518,78.76,89,73,9.62,light rain
2,Tuktoyaktuk,CA,2022-04-17 21:45:59,69.4541,-133.0374,17.6,57,100,11.5,overcast clouds
3,Okakarara,NA,2022-04-17 21:46:00,-20.5833,17.4333,70.86,58,84,4.23,broken clouds
4,Camacha,PT,2022-04-17 21:46:00,33.0833,-16.3333,60.22,77,40,9.22,scattered clouds
5,Vaini,TO,2022-04-17 21:46:00,-21.2,-175.2,82.56,83,75,4.61,broken clouds
6,Vila,PT,2022-04-17 21:46:01,42.0304,-8.1588,47.28,93,1,5.23,clear sky
7,Rikitea,PF,2022-04-17 21:46:01,-23.1203,-134.9692,78.49,67,1,11.74,clear sky
8,Vestmannaeyjar,IS,2022-04-17 21:40:45,63.4427,-20.2734,42.85,70,25,5.66,scattered clouds
9,Mount Isa,AU,2022-04-17 21:46:02,-20.7333,139.5,62.37,55,1,0.0,clear sky
10,Dikson,RU,2022-04-17 21:46:02,73.5069,80.5464,-8.73,100,90,4.05,overcast clouds
11,Hermanus,ZA,2022-04-17 21:46:02,-34.4187,19.2345,62.8,87,52,9.98,broken clouds
12,Dunedin,NZ,2022-04-17 21:46:03,-45.8742,170.5036,58.8,57,0,7.0,clear sky
13,Arraial Do Cabo,BR,2022-04-17 21:46:03,-22.9661,-42.0278,73.36,78,0,10.36,clear sky
14,Nioro,GM,2022-04-17 21:46:03,13.35,-15.75,79.92,44,4,10.67,clear sky
15,Rock Springs,US,2022-04-17 21:46:04,41.5875,-109.2029,49.05,32,100,27.63,overcast clouds
16,Georgetown,MY,2022-04-17 21:43:57,5.4112,100.3354,82.33,99,20,2.3,few clouds
17,Hithadhoo,MV,2022-04-17 21:46:04,-0.6,73.0833,82.51,76,44,6.2,scattered clouds
18,Castro,BR,2022-04-17 21:46:05,-24.7911,-50.0119,55.53,80,3,3.76,clear sky
19,Port Elizabeth,ZA,2022-04-17 21:42:18,-33.918,25.5701,64.69,96,75,9.22,broken clouds
20,Cape Town,ZA,2022-04-17 21:46:05,-33.9258,18.4232,63.01,79,0,18.41,clear sky
21,Busselton,AU,2022-04-17 21:46:06,-33.65,115.3333,54.66,76,45,2.35,scattered clouds
22,Kalmar,SE,2022-04-17 21:46:06,56.6616,16.3616,38.97,100,35,5.01,scattered clouds
23,Albany,US,2022-04-17 21:45:33,42.6001,-73.9662,47.17,51,78,8.99,broken clouds
24,Ponta Do Sol,PT,2022-04-17 21:46:06,32.6667,-17.1,68.63,46,100,12.46,overcast clouds
25,Jamestown,US,2022-04-17 21:41:18,42.097,-79.2353,43.05,40,0,6.91,clear sky
26,Tortoli,IT,2022-04-17 21:46:07,39.9256,9.6572,53.42,43,0,20.71,clear sky
27,Labytnangi,RU,2022-04-17 21:46:07,66.6572,66.4183,13.37,91,98,5.66,overcast clouds
28,Half Moon Bay,US,2022-04-17 21:46:08,37.4636,-122.4286,68.88,60,0,18.41,clear sky
29,Punta Arenas,CL,2022-04-17 21:46:08,-53.15,-70.9167,46.51,93,75,10.36,light rain
30,Coihaique,CL,2022-04-17 21:46:08,-45.5752,-72.0662,56.01,67,100,3.44,overcast clouds
31,Marzuq,YE,2022-04-17 21:46:09,14.4,46.4667,73.31,50,4,5.19,clear sky
32,Kamenka,RU,2022-04-17 21:46:09,51.3223,42.7678,49.17,87,100,7.99,overcast clouds
33,Severo-Kurilsk,RU,2022-04-17 21:46:09,50.6789,156.125,31.75,76,87,6.96,overcast clouds
34,Mandalgovi,MN,2022-04-17 21:42:11,45.7625,106.2708,37.08,42,1,8.48,clear sky
35,Kapaa,US,2022-04-17 21:46:10,22.0752,-159.319,78.78,89,75,17.27,light rain
36,Lebu,CL,2022-04-17 21:46:05,-37.6167,-73.65,55.76,83,100,9.13,overcast clouds
37,Tasiilaq,GL,2022-04-17 21:46:10,65.6145,-37.6368,33.01,98,100,10.76,light snow
38,Khatanga,RU,2022-04-17 21:46:11,71.9667,102.5,4.89,95,98,12.19,overcast clouds
39,Mwinilunga,ZM,2022-04-17 21:46:11,-11.7358,24.4293,62.28,98,96,3.62,overcast clouds
40,Maniitsoq,GL,2022-04-17 21:42:06,65.4167,-52.9,24.84,83,100,4.5,overcast clouds
41,Maracaibo,VE,2022-04-17 21:46:12,10.6317,-71.6406,82.56,69,95,8.32,overcast clouds
42,East London,ZA,2022-04-17 21:42:33,-33.0153,27.9116,64.44,79,59,5.79,broken clouds
43,Aklavik,CA,2022-04-17 21:46:12,68.2191,-135.0107,19.18,75,100,14.99,overcast clouds
44,Sao Filipe,CV,2022-04-17 21:46:12,14.8961,-24.4956,72.14,76,2,10.29,clear sky
45,Grajau,BR,2022-04-17 21:47:13,-5.8194,-46.1386,75.72,93,98,2.04,overcast clouds
46,Kaitangata,NZ,2022-04-17 21:47:13,-46.2817,169.8464,50.49,69,3,2.86,clear sky
47,Mier,MX,2022-04-17 21:47:13,26.4333,-99.15,101.05,28,2,9.73,clear sky
48,Bredasdorp,ZA,2022-04-17 21:47:14,-34.5322,20.0403,60.13,93,75,4.41,broken clouds
49,Dunda,TZ,2022-04-17 21:47:14,-8.1167,34.25,63.16,94,26,0.6,scattered clouds
50,Naberera,TZ,2022-04-17 21:47:15,-4.2,36.9333,61.16,94,90,7.14,overcast clouds
51,Acapulco,MX,2022-04-17 21:38:19,16.8634,-99.8901,85.82,66,0,11.5,clear sky
52,Zapolyarnyy,RU,2022-04-17 21:47:15,69.4154,30.8136,34.88,100,100,5.7,overcast clouds
53,Qaanaaq,GL,2022-04-17 21:47:15,77.484,-69.3632,-14.93,79,2,2.44,clear sky
54,Mataura,NZ,2022-04-17 21:47:16,-46.1927,168.8643,45.48,68,0,2.55,clear sky
55,Carnarvon,AU,2022-04-17 21:47:16,-24.8667,113.6333,66.27,88,100,10.36,overcast clouds
56,Lorengau,PG,2022-04-17 21:47:16,-2.0226,147.2712,82.49,80,47,6.82,scattered clouds
57,Igarka,RU,2022-04-17 21:47:17,67.4667,86.5833,1.33,96,78,9.73,broken clouds
58,Sobolevo,RU,2022-04-17 21:47:17,54.4299,31.8996,33.22,78,95,11.39,light snow
59,Pittsfield,US,2022-04-17 21:47:18,42.4501,-73.2454,46.06,50,75,14.97,broken clouds
60,Pingliang,CN,2022-04-17 21:43:26,35.5392,106.6861,40.37,48,6,7.61,clear sky
61,Butaritari,KI,2022-04-17 21:47:18,3.0707,172.7902,81.63,74,11,11.63,few clouds
62,Yellowknife,CA,2022-04-17 21:47:18,62.456,-114.3525,18.12,49,20,11.5,few clouds
63,Sangar,RU,2022-04-17 21:47:19,63.9242,127.4739,22.08,86,100,18.59,overcast clouds
64,Bathsheba,BB,2022-04-17 21:47:19,13.2167,-59.5167,81.21,74,40,18.41,scattered clouds
65,The Pas,CA,2022-04-17 21:44:50,53.8251,-101.2541,32.02,40,20,5.75,few clouds
66,New Norfolk,AU,2022-04-17 21:47:20,-42.7826,147.0587,54.72,75,100,1.01,overcast clouds
67,Ugoofaaru,MV,2022-04-17 21:47:20,5.6667,73.0,83.93,74,100,8.79,overcast clouds
68,Kibala,TD,2022-04-17 21:47:20,9.1104,18.3463,83.8,56,82,6.78,broken clouds
69,Ushuaia,AR,2022-04-17 21:47:21,-54.8,-68.3,49.66,76,75,17.27,light intensity drizzle
70,Port Hardy,CA,2022-04-17 21:45:24,50.6996,-127.4199,51.98,58,75,26.46,broken clouds
71,Ilulissat,GL,2022-04-17 21:47:21,69.2167,-51.1,17.62,67,75,2.3,light shower snow
72,Turukhansk,RU,2022-04-17 21:47:22,65.8167,87.9833,-0.96,99,97,6.93,overcast clouds
73,Businga,CD,2022-04-17 21:47:22,3.3333,20.8833,73.51,85,41,1.16,light rain
74,Manta,EC,2022-04-17 21:47:22,-0.95,-80.7333,85.78,62,40,5.75,scattered clouds
75,San Patricio,US,2022-04-17 21:47:23,28.017,-97.5169,88.16,54,18,14.32,few clouds
76,Leshukonskoye,RU,2022-04-17 21:47:23,64.8989,45.7622,33.19,98,100,6.06,overcast clouds
77,Atuona,PF,2022-04-17 21:47:23,-9.8,-139.0333,79.75,78,10,16.71,clear sky
78,Avera,US,2022-04-17 21:47:24,33.194,-82.5271,80.55,58,100,4.85,overcast clouds
79,Sundumbili,ZA,2022-04-17 21:47:24,-29.1337,31.3975,62.42,91,100,3.78,overcast clouds
80,Lompoc,US,2022-04-17 21:46:15,34.6391,-120.4579,74.7,66,0,20.0,clear sky
81,Yulara,AU,2022-04-17 21:47:24,-25.2406,130.9889,58.84,55,1,3.44,clear sky
82,Isangel,VU,2022-04-17 21:47:25,-19.55,169.2667,80.71,94,100,0.0,overcast clouds
83,Poum,NC,2022-04-17 21:47:25,-20.2333,164.0167,77.41,68,90,3.29,overcast clouds
84,Fairbanks,US,2022-04-17 21:35:32,64.8378,-147.7164,38.25,26,0,10.36,clear sky
85,Yar-Sale,RU,2022-04-17 21:47:26,66.8333,70.8333,9.7,89,94,8.01,overcast clouds
86,Jiutai,CN,2022-04-17 21:47:26,44.1525,125.8328,37.74,33,84,1.45,broken clouds
87,Souillac,MU,2022-04-17 21:47:26,-20.5167,57.5167,77.38,94,75,0.0,light rain
88,Cidreira,BR,2022-04-17 21:47:27,-30.1811,-50.2056,67.12,71,97,10.85,overcast clouds
89,Hobart,AU,2022-04-17 21:43:09,-42.8794,147.3294,55.06,91,75,8.05,broken clouds
90,Alofi,NU,2022-04-17 21:47:27,-19.0595,-169.9187,84.09,79,81,8.05,broken clouds
91,Romitan,UZ,2022-04-17 21:47:28,39.9343,64.3814,66.15,63,0,6.91,clear sky
92,Vostok,RU,2022-04-17 21:48:28,46.4856,135.8833,31.62,66,15,3.8,few clouds
93,Porto Novo,BJ,2022-04-17 21:48:28,6.4965,2.6036,84.02,77,100,3.74,light rain
94,Port Alfred,ZA,2022-04-17 21:48:29,-33.5906,26.891,63.97,82,20,9.86,few clouds
95,Trelew,AR,2022-04-17 21:48:29,-43.249,-65.3051,62.51,65,1,23.64,clear sky
96,Cabo San Lucas,MX,2022-04-17 21:45:20,22.8909,-109.9124,92.61,51,48,10.87,scattered clouds
97,Samaipata,BO,2022-04-17 21:48:30,-18.15,-63.8667,51.04,72,99,2.8,overcast clouds
98,Saint George,US,2022-04-17 21:48:30,37.1041,-113.5841,84.43,12,0,3.44,clear sky
99,Bogorodskoye,RU,2022-04-17 21:48:31,56.55,37.8833,28.27,85,4,5.53,clear sky
100,Shalya,RU,2022-04-17 21:48:31,57.2471,58.7298,29.97,98,99,4.29,overcast clouds
101,Bethel,US,2022-04-17 21:48:31,41.3712,-73.414,48.65,41,20,13.8,few clouds
102,Hambantota,LK,2022-04-17 21:48:32,6.1241,81.1185,75.54,100,20,3.44,few clouds
103,Eureka,US,2022-04-17 21:48:32,40.8021,-124.1637,62.67,52,100,5.99,overcast clouds
104,Wajima,JP,2022-04-17 21:46:03,37.4,136.9,52.84,54,100,3.87,overcast clouds
105,Sambava,MG,2022-04-17 21:48:32,-14.2667,50.1667,74.97,89,77,9.71,broken clouds
106,Riverton,US,2022-04-17 21:45:25,40.5219,-111.9391,62.35,39,0,8.01,clear sky
107,Inhambane,MZ,2022-04-17 21:48:33,-23.865,35.3833,72.46,91,100,5.64,moderate rain
108,Thompson,CA,2022-04-17 21:48:33,55.7435,-97.8558,32.16,29,40,5.75,scattered clouds
109,Le Port,RE,2022-04-17 21:48:34,-20.9373,55.2919,77.0,90,8,4.52,clear sky
110,Ribeira Grande,PT,2022-04-17 21:48:34,38.5167,-28.7,58.42,71,17,19.66,few clouds
111,Hilo,US,2022-04-17 21:48:34,19.7297,-155.09,81.28,78,100,4.61,moderate rain
112,Nikolskoye,RU,2022-04-17 21:48:35,59.7035,30.7861,37.8,77,100,3.83,overcast clouds
113,Lasa,IT,2022-04-17 21:48:35,46.6166,10.7002,47.28,80,12,3.27,few clouds
114,Ingham,US,2022-04-17 21:48:35,42.6,-84.3833,46.18,42,0,6.91,clear sky
115,San Juan,AR,2022-04-17 21:48:36,-31.5375,-68.5364,73.67,26,0,2.82,clear sky
116,Nabire,ID,2022-04-17 21:48:36,-3.3667,135.4833,76.8,91,93,2.66,moderate rain
117,Norman Wells,CA,2022-04-17 21:48:36,65.282,-126.8329,21.24,35,20,9.22,few clouds
118,Longyearbyen,SJ,2022-04-17 21:48:37,78.2186,15.6401,21.04,86,75,13.8,light snow
119,Abu Zabad,SD,2022-04-17 21:48:37,12.35,29.25,86.97,28,7,6.08,clear sky
120,Gimli,CA,2022-04-17 21:48:38,50.6336,-96.9907,24.82,86,100,6.91,overcast clouds
121,Kavieng,PG,2022-04-17 21:48:38,-2.5744,150.7967,84.63,68,87,13.24,overcast clouds
122,Saskylakh,RU,2022-04-17 21:48:38,71.9167,114.0833,27.79,96,100,13.27,light snow
123,Avarua,CK,2022-04-17 21:48:39,-21.2078,-159.775,82.45,69,28,3.44,scattered clouds
124,Ostrovnoy,RU,2022-04-17 21:48:39,68.0531,39.5131,33.39,90,100,12.46,overcast clouds
125,Touros,BR,2022-04-17 21:48:39,-5.1989,-35.4608,79.84,79,64,7.65,broken clouds
126,Codrington,AU,2022-04-17 21:48:40,-38.2667,141.9667,58.64,84,100,8.19,overcast clouds
127,Dhadar,IN,2022-04-17 21:48:40,28.3305,75.0632,81.64,11,1,7.81,clear sky
128,Verkhoturye,RU,2022-04-17 21:48:40,58.8627,60.8054,20.41,95,9,2.3,clear sky
129,Provideniya,RU,2022-04-17 21:48:41,64.3833,-173.3,32.36,93,100,22.37,overcast clouds
130,Moindou,NC,2022-04-17 21:48:41,-21.6924,165.677,76.73,67,84,2.04,broken clouds
131,Kodiak,US,2022-04-17 21:48:42,57.79,-152.4072,42.31,70,100,9.22,overcast clouds
132,Ancud,CL,2022-04-17 21:48:42,-41.8697,-73.8203,56.23,82,100,4.76,overcast clouds
133,Alice Springs,AU,2022-04-17 21:48:42,-23.7,133.8833,69.22,32,17,6.91,few clouds
134,Voh,NC,2022-04-17 21:48:43,-20.9667,164.7,75.79,72,99,1.45,overcast clouds
135,Emerald,AU,2022-04-17 21:48:43,-23.5333,148.1667,65.34,77,0,8.05,clear sky
136,Aswan,EG,2022-04-17 21:48:43,24.0934,32.907,87.1,16,0,3.44,clear sky
137,Vryburg,ZA,2022-04-17 21:48:44,-26.9566,24.7284,58.32,79,69,4.76,broken clouds
138,Port Hedland,AU,2022-04-17 21:47:38,-20.3167,118.5667,78.85,44,40,9.22,scattered clouds
139,Bytosh,RU,2022-04-17 21:49:44,53.8186,34.0912,32.67,98,100,10.09,light snow
140,Vaiano,IT,2022-04-17 21:49:45,43.949,11.1232,52.3,49,0,3.44,clear sky
141,Nome,US,2022-04-17 21:49:45,64.5011,-165.4064,30.27,86,100,20.71,light snow
142,Juneau,US,2022-04-17 21:49:45,58.3019,-134.4197,44.6,58,75,3.44,broken clouds
143,Bluff,NZ,2022-04-17 21:49:46,-46.6,168.3333,45.81,78,7,8.52,clear sky
144,Ballina,AU,2022-04-17 21:49:46,-28.8667,153.5667,66.16,92,100,6.91,overcast clouds
145,Saldanha,ZA,2022-04-17 21:49:47,-33.0117,17.9442,57.25,85,2,10.69,clear sky
146,Kemi,FI,2022-04-17 21:49:47,65.8596,24.8228,31.77,93,0,2.3,clear sky
147,Tianpeng,CN,2022-04-17 21:49:47,30.9866,103.9393,52.27,80,100,1.72,overcast clouds
148,Strangnas,SE,2022-04-17 21:49:48,59.3774,17.0312,45.07,77,61,5.91,broken clouds
149,Bose,IT,2022-04-17 21:49:48,45.4612,8.0137,53.22,53,95,4.25,overcast clouds
150,Pisco,PE,2022-04-17 21:49:48,-13.7,-76.2167,68.05,77,0,10.36,clear sky
151,Barrow,US,2022-04-17 21:49:49,71.2906,-156.7887,1.42,71,0,8.05,clear sky
152,Kungurtug,RU,2022-04-17 21:49:49,50.5994,97.5228,29.44,85,40,1.97,scattered clouds
153,Menongue,AO,2022-04-17 21:49:49,-14.6585,17.691,62.44,96,18,3.98,few clouds
154,Clarksburg,US,2022-04-17 21:49:50,39.2807,-80.3445,52.47,36,0,8.05,clear sky
155,Lavrentiya,RU,2022-04-17 21:49:50,65.5833,-171.0,30.52,95,100,14.18,light snow
156,College,US,2022-04-17 21:49:50,64.8569,-147.8028,38.23,26,20,10.36,few clouds
157,Saint-Philippe,RE,2022-04-17 21:49:51,-21.3585,55.7679,76.59,89,72,12.64,light rain
158,Mahebourg,MU,2022-04-17 21:49:51,-20.4081,57.7,77.29,94,75,0.0,broken clouds
159,Veraval,IN,2022-04-17 21:49:51,20.9,70.3667,79.36,72,0,11.45,clear sky
160,Roald,NO,2022-04-17 21:49:52,62.5833,6.1333,50.32,81,0,6.91,clear sky
161,Carutapera,BR,2022-04-17 21:49:52,-1.195,-46.02,77.02,88,98,6.04,moderate rain
162,Paita,PE,2022-04-17 21:49:53,-5.0892,-81.1144,70.88,74,6,18.39,clear sky
163,Savannah Bight,HN,2022-04-17 21:49:53,16.45,-85.85,81.16,71,1,16.87,clear sky
164,Kahului,US,2022-04-17 21:49:53,20.8947,-156.47,82.42,66,40,26.46,scattered clouds
165,Udachnyy,RU,2022-04-17 21:49:54,66.4167,112.4,34.45,100,100,13.96,snow
166,Port Said,EG,2022-04-17 21:49:54,31.2565,32.2841,76.98,61,0,13.8,clear sky
167,Tura,IN,2022-04-17 21:49:54,25.5198,90.2201,67.21,83,0,5.28,clear sky
168,Hofn,IS,2022-04-17 21:49:55,64.2539,-15.2082,45.1,86,10,3.74,clear sky
169,Chistogorskiy,RU,2022-04-17 21:49:55,53.9835,87.3843,52.29,68,96,2.28,overcast clouds
170,Ntcheu,MW,2022-04-17 21:49:55,-14.8203,34.6359,62.46,96,17,3.71,few clouds
171,Leningradskiy,RU,2022-04-17 21:49:56,69.3833,178.4167,12.9,88,75,3.44,broken clouds
172,Ambilobe,MG,2022-04-17 21:49:56,-13.2,49.05,72.52,89,53,2.95,broken clouds
173,El Alto,PE,2022-04-17 21:49:56,-4.2714,-81.2147,76.66,74,26,18.59,scattered clouds
174,Barmer,IN,2022-04-17 21:49:57,25.75,71.3833,79.25,54,8,13.6,clear sky
175,Saint-Augustin,CA,2022-04-17 21:49:57,51.226,-58.6502,36.81,100,100,19.1,overcast clouds
176,Naze,JP,2022-04-17 21:49:57,28.3667,129.4833,56.32,60,60,4.99,broken clouds
177,Hamilton,US,2022-04-17 21:48:08,39.1834,-84.5333,53.76,43,0,12.66,clear sky
178,Sabang,ID,2022-04-17 21:49:58,5.8933,95.3214,82.56,72,85,4.83,overcast clouds
179,Bengkulu,ID,2022-04-17 21:49:58,-3.8004,102.2655,75.79,91,95,4.38,light rain
180,Nchelenge,ZM,2022-04-17 21:49:59,-9.3451,28.734,68.7,87,15,5.35,light rain
181,Riohacha,CO,2022-04-17 21:49:59,11.5444,-72.9072,86.11,74,75,11.5,broken clouds
182,Halifax,CA,2022-04-17 21:47:56,44.6453,-63.5724,48.69,55,77,9.22,broken clouds
183,Buala,SB,2022-04-17 21:50:00,-8.145,159.5921,82.62,76,97,8.03,light rain
184,Gat,IL,2022-04-17 21:51:00,31.61,34.7642,90.28,15,10,17.29,clear sky
185,Burnie,AU,2022-04-17 21:51:00,-41.0667,145.9167,58.06,89,100,5.82,light rain
186,Kavaratti,IN,2022-04-17 21:51:01,10.5669,72.642,82.65,75,65,5.35,broken clouds
187,Jumla,NP,2022-04-17 21:51:01,29.2747,82.1838,48.76,58,28,4.68,scattered clouds
188,Takefu,JP,2022-04-17 21:51:02,35.9039,136.1669,56.07,81,100,3.38,overcast clouds
189,Phalombe,MW,2022-04-17 21:51:02,-15.8064,35.6507,66.15,97,33,4.52,scattered clouds
190,Turbo,CO,2022-04-17 21:51:03,8.0937,-76.7269,89.73,78,100,6.31,overcast clouds
191,Nemuro,JP,2022-04-17 21:46:40,43.3236,145.575,40.44,81,48,7.65,scattered clouds
192,Bichura,RU,2022-04-17 21:51:03,50.5881,107.6022,42.42,45,82,4.41,broken clouds
193,Itarema,BR,2022-04-17 21:51:03,-2.9248,-39.9167,78.58,84,85,7.14,overcast clouds
194,Camargo,MX,2022-04-17 21:51:04,27.6667,-105.1667,90.9,5,46,10.92,scattered clouds
195,Baturaja,ID,2022-04-17 21:51:04,-4.1333,104.1667,73.58,99,100,2.15,overcast clouds
196,Lata,PT,2022-04-17 21:51:04,40.1629,-8.3327,57.92,97,65,1.52,broken clouds
197,Labuhan,ID,2022-04-17 21:51:05,-6.8844,112.2051,79.39,87,58,3.38,broken clouds
198,Laguna,US,2022-04-17 21:51:05,38.421,-121.4238,74.05,25,0,9.22,clear sky
199,Upernavik,GL,2022-04-17 21:51:06,72.7868,-56.1549,-2.13,82,100,14.85,overcast clouds
200,Mutoko,ZW,2022-04-17 21:51:06,-17.397,32.2268,61.03,90,15,3.31,few clouds
201,Nechi,CO,2022-04-17 21:51:06,8.0942,-74.7757,85.41,73,67,1.92,broken clouds
202,Wilmington,US,2022-04-17 21:48:10,34.2257,-77.9447,70.95,64,0,12.66,clear sky
203,Fairhope,US,2022-04-17 21:51:07,30.523,-87.9033,78.55,64,75,4.61,broken clouds
204,Shetpe,KZ,2022-04-17 21:51:07,44.1667,52.1167,56.44,54,7,4.68,clear sky
205,Nouadhibou,MR,2022-04-17 21:51:07,20.931,-17.0347,66.18,88,40,6.91,scattered clouds
206,Melito Di Porto Salvo,IT,2022-04-17 21:51:08,37.9222,15.7714,56.21,94,100,9.22,overcast clouds
207,Dmytrivka,UA,2022-04-17 21:51:08,45.9717,28.9864,42.84,56,100,12.75,overcast clouds
208,Konosha,RU,2022-04-17 21:51:09,60.9736,40.257,32.88,98,100,6.42,overcast clouds
209,Indramayu,ID,2022-04-17 21:51:09,-6.3264,108.32,79.56,85,100,4.92,overcast clouds
210,Merauke,ID,2022-04-17 21:51:09,-8.4667,140.3333,78.55,87,89,5.1,light rain
211,Skjervoy,NO,2022-04-17 21:51:10,70.0311,20.9714,39.2,92,100,8.97,overcast clouds
212,Deputatskiy,RU,2022-04-17 21:51:10,69.3,139.9,2.35,99,100,2.62,overcast clouds
213,Shunyi,CN,2022-04-17 21:51:10,40.125,116.6453,46.35,81,86,2.24,overcast clouds
214,Rio Gallegos,AR,2022-04-17 21:51:11,-51.6226,-69.2181,59.05,51,0,11.5,clear sky
215,Marsh Harbour,BS,2022-04-17 21:51:11,26.5412,-77.0636,77.05,76,60,12.66,broken clouds
216,Mar Del Plata,AR,2022-04-17 21:51:12,-38.0023,-57.5575,66.09,89,0,11.99,clear sky
217,Zhigansk,RU,2022-04-17 21:51:12,66.7697,123.3711,27.37,79,100,29.82,overcast clouds
218,Srednekolymsk,RU,2022-04-17 21:51:12,67.45,153.6833,14.07,87,99,6.08,overcast clouds
219,Vanavara,RU,2022-04-17 21:51:13,60.34,102.2797,35.67,82,85,11.34,overcast clouds
220,Isla Vista,US,2022-04-17 21:51:13,34.4133,-119.861,79.3,57,1,7.47,clear sky
221,Uray,RU,2022-04-17 21:51:13,60.1247,64.7758,25.61,87,7,4.85,clear sky
222,Gordeyevka,RU,2022-04-17 21:51:14,52.9569,31.9703,33.75,97,100,11.41,light snow
223,Byron Bay,AU,2022-04-17 21:48:41,-28.65,153.6167,66.09,84,70,6.85,broken clouds
224,Leticia,CO,2022-04-17 21:51:14,-4.2153,-69.9406,84.25,79,40,3.44,scattered clouds
225,Caborca,MX,2022-04-17 21:50:57,30.5838,-111.101,91.63,4,4,9.73,clear sky
226,Kruisfontein,ZA,2022-04-17 21:51:15,-34.0033,24.7314,58.89,90,7,6.08,clear sky
227,Lumsden,CA,2022-04-17 21:51:15,50.6501,-104.8678,33.01,65,99,11.56,overcast clouds
228,Shakhtinsk,KZ,2022-04-17 21:51:15,49.71,72.5872,56.84,26,100,6.33,overcast clouds
229,Japura,ID,2022-04-17 21:52:16,-0.3167,102.35,74.01,99,96,0.96,overcast clouds
230,Oranjemund,NA,2022-04-17 21:52:16,-28.55,16.4333,59.18,77,0,8.66,clear sky
231,Bambous Virieux,MU,2022-04-17 21:52:16,-20.3428,57.7575,77.25,94,75,0.0,moderate rain
232,Gangtok,IN,2022-04-17 21:52:17,27.3333,88.6167,54.9,69,15,5.19,few clouds
233,Moron,AR,2022-04-17 21:52:17,-34.6534,-58.6198,68.97,73,100,5.53,overcast clouds
234,Beringovskiy,RU,2022-04-17 21:52:18,63.05,179.3167,30.88,97,100,11.39,light snow
235,Torbay,CA,2022-04-17 21:52:18,47.6666,-52.7314,51.28,91,100,10.36,overcast clouds
236,Ormara,PK,2022-04-17 21:52:19,25.2088,64.6357,80.35,84,0,2.91,clear sky
237,Henties Bay,NA,2022-04-17 21:52:19,-22.116,14.2845,62.01,78,7,6.06,clear sky
238,Sitka,US,2022-04-17 21:50:30,57.0531,-135.33,46.29,57,40,8.05,scattered clouds
239,Kibiti,TZ,2022-04-17 21:52:19,-7.7218,38.9375,71.26,99,18,2.46,light rain
240,Omboue,GA,2022-04-17 21:52:20,-1.5746,9.2618,78.82,90,100,4.27,overcast clouds
241,Puerto Carreno,CO,2022-04-17 21:52:20,6.189,-67.4859,89.58,58,20,2.3,few clouds
242,Merrill,US,2022-04-17 21:47:51,45.1805,-89.6835,44.37,44,40,5.75,scattered clouds
243,Shelburne,CA,2022-04-17 21:50:09,44.0787,-80.2041,42.12,37,5,7.11,clear sky
244,Puri,IN,2022-04-17 21:52:21,19.8,85.85,79.32,86,97,19.86,overcast clouds
245,Batagay-Alyta,RU,2022-04-17 21:52:21,67.8006,130.4114,-0.78,98,100,1.88,overcast clouds
246,Okhotsk,RU,2022-04-17 21:52:22,59.3833,143.3,20.53,83,99,6.33,overcast clouds
247,Constitucion,CL,2022-04-17 21:50:57,-35.3333,-72.4167,54.86,88,46,5.64,scattered clouds
248,Airai,TL,2022-04-17 21:52:22,-8.9266,125.4092,59.54,87,77,2.33,broken clouds
249,Nanma,CN,2022-04-17 21:52:22,36.1817,118.1583,53.17,45,100,2.48,overcast clouds
250,Big Spring,US,2022-04-17 21:52:23,32.2504,-101.4787,90.1,7,0,8.01,clear sky
251,Groa,NO,2022-04-17 21:52:23,62.65,8.7167,41.14,54,100,9.19,overcast clouds
252,Ploemeur,FR,2022-04-17 21:52:23,47.7333,-3.4333,55.81,83,0,6.91,clear sky
253,Turbat,PK,2022-04-17 21:52:24,26.0023,63.044,82.27,47,0,3.04,clear sky
254,Coquimbo,CL,2022-04-17 21:50:45,-29.9533,-71.3436,56.93,88,75,8.05,broken clouds
255,Cockburn Town,TC,2022-04-17 21:52:24,21.4612,-71.1419,78.76,73,75,17.27,broken clouds
256,Phan Thiet,VN,2022-04-17 21:52:25,10.9333,108.1,77.2,87,54,8.66,broken clouds
257,Rincon,US,2022-04-17 21:52:25,32.296,-81.2354,82.36,66,75,16.11,broken clouds
258,Kiunga,PG,2022-04-17 21:52:25,-6.1219,141.2906,74.88,98,100,0.58,overcast clouds
259,Saint-Georges,GD,2022-04-17 21:49:37,12.0564,-61.7485,82.08,74,40,23.02,scattered clouds
260,Zhuhai,CN,2022-04-17 21:52:26,22.2769,113.5678,71.38,78,40,8.05,scattered clouds
261,Maarianhamina,AX,2022-04-17 21:52:26,60.0973,19.9348,33.66,93,0,2.3,clear sky
262,Maningrida,AU,2022-04-17 21:52:27,-12.0667,134.2667,74.79,90,100,7.31,overcast clouds
263,Mehamn,NO,2022-04-17 21:52:27,71.0357,27.8492,40.95,93,75,17.27,broken clouds
264,Luang Prabang,LA,2022-04-17 21:52:27,19.8856,102.1347,70.27,97,20,1.57,light rain
265,Charters Towers,AU,2022-04-17 21:52:28,-20.1,146.2667,70.03,76,0,10.67,clear sky
266,Fethiye,TR,2022-04-17 21:51:03,36.6217,29.1164,75.07,41,75,5.91,broken clouds
267,Constantine,DZ,2022-04-17 21:52:28,36.365,6.6147,47.61,81,20,6.91,few clouds
268,Muros,ES,2022-04-17 21:52:28,42.7762,-9.0603,57.83,80,15,12.06,few clouds
269,Nicoya,CR,2022-04-17 21:52:29,10.1483,-85.452,89.11,50,100,9.4,overcast clouds
270,Asau,RO,2022-04-17 21:52:29,46.4333,26.4,34.72,80,39,5.82,scattered clouds
271,Saint Andrews,US,2022-04-17 21:52:29,34.0454,-81.1293,82.49,43,75,10.36,broken clouds
272,Puerto Madryn,AR,2022-04-17 21:52:30,-42.7692,-65.0385,61.07,74,0,19.46,clear sky
273,Tevriz,RU,2022-04-17 21:52:30,57.509,72.4042,29.26,96,54,3.69,broken clouds
274,Birjand,IR,2022-04-17 21:52:30,32.8663,59.2211,59.47,63,20,11.5,few clouds
275,Aire-Sur-La-Lys,FR,2022-04-17 21:52:31,50.6387,2.3988,53.87,60,72,8.32,broken clouds
276,Adrar,MR,2022-04-17 21:52:31,20.5022,-10.0711,80.29,12,37,11.83,scattered clouds
277,Port Blair,IN,2022-04-17 21:52:32,11.6667,92.75,78.84,94,20,2.3,mist
278,Balkanabat,TM,2022-04-17 21:53:32,39.5108,54.3671,54.09,84,87,1.48,overcast clouds
279,Caravelas,BR,2022-04-17 21:53:32,-17.7125,-39.2481,77.67,64,100,11.12,overcast clouds
280,Anito,PH,2022-04-17 21:53:33,12.4497,125.2886,79.43,75,75,8.08,broken clouds
281,Chokurdakh,RU,2022-04-17 21:53:33,70.6333,147.9167,4.41,96,89,4.32,overcast clouds
282,Yellandu,IN,2022-04-17 21:53:33,17.6,80.3333,78.94,65,76,6.85,broken clouds
283,Wenatchee,US,2022-04-17 21:53:34,47.4235,-120.3103,55.98,38,0,9.22,clear sky
284,Luderitz,NA,2022-04-17 21:53:34,-26.6481,15.1594,68.34,49,0,9.33,clear sky
285,Brigham City,US,2022-04-17 21:53:35,41.5102,-112.0155,57.31,31,0,5.01,clear sky
286,Saint-Francois,FR,2022-04-17 21:53:35,46.4154,3.9054,46.67,63,0,2.3,clear sky
287,Grand Forks,US,2022-04-17 21:53:33,47.9417,-97.4337,30.78,93,100,18.41,snow
288,Nizhniy Tsasuchey,RU,2022-04-17 21:53:35,50.5167,115.1333,40.57,68,88,7.92,overcast clouds
289,San Quintin,MX,2022-04-17 21:53:36,30.4833,-115.95,66.88,62,6,20.69,clear sky
290,Bontang,ID,2022-04-17 21:53:36,0.1333,117.5,78.21,87,96,6.87,overcast clouds
291,Manokwari,ID,2022-04-17 21:53:36,-0.8667,134.0833,79.68,74,95,2.55,overcast clouds
292,Wakema,MM,2022-04-17 21:53:37,16.6,95.1833,78.89,84,23,5.06,few clouds
293,Banda Aceh,ID,2022-04-17 21:53:37,5.5577,95.3222,78.58,80,84,4.61,broken clouds
294,Korla,CN,2022-04-17 21:53:38,41.7597,86.1469,55.04,15,2,7.38,clear sky
295,Axim,GH,2022-04-17 21:53:38,4.8699,-2.2405,79.7,84,82,9.98,broken clouds
296,Durres,AL,2022-04-17 21:53:39,41.3231,19.4414,59.18,62,99,12.03,overcast clouds
297,Aurich,DE,2022-04-17 21:53:39,53.4667,7.4833,46.94,68,0,8.48,clear sky
298,Iqaluit,CA,2022-04-17 21:53:39,63.7506,-68.5145,-0.31,64,75,16.11,broken clouds
299,San Carlos De Bariloche,AR,2022-04-17 21:53:40,-41.1456,-71.3082,60.55,51,75,4.61,broken clouds
300,Atambua,ID,2022-04-17 21:53:40,-9.1061,124.8925,73.72,86,94,3.06,overcast clouds
301,Geraldton,AU,2022-04-17 21:53:40,-28.7667,114.6,54.01,76,0,10.36,clear sky
302,Qingyuan,CN,2022-04-17 21:53:41,23.7,113.0333,60.78,90,100,4.45,light rain
303,Kontagora,NG,2022-04-17 21:53:41,10.3999,5.4695,83.5,56,90,10.65,light rain
304,Cuamba,MZ,2022-04-17 21:53:42,-14.8031,36.5372,67.78,95,5,4.45,clear sky
305,Creel,MX,2022-04-17 21:53:42,27.75,-107.6333,80.47,6,29,14.09,scattered clouds
306,Williams Lake,CA,2022-04-17 21:53:33,52.1415,-122.1445,54.05,22,40,13.8,scattered clouds
307,Cayenne,GF,2022-04-17 21:53:42,4.9333,-52.3333,82.44,1,40,7.0,scattered clouds
308,Tupik,RU,2022-04-17 21:53:43,54.4253,119.9327,30.6,80,100,4.12,overcast clouds
309,Richards Bay,ZA,2022-04-17 21:53:43,-28.783,32.0377,63.07,92,100,4.36,overcast clouds
310,Alugan,PH,2022-04-17 21:53:43,12.2188,125.4808,80.96,70,99,10.27,overcast clouds
311,Mount Gambier,AU,2022-04-17 21:53:44,-37.8333,140.7667,53.51,94,100,2.3,moderate rain
312,Saint Anthony,US,2022-04-17 21:53:44,45.0205,-93.218,41.88,77,100,14.97,snow
313,Maceio,BR,2022-04-17 21:53:44,-9.6658,-35.7353,80.04,83,40,5.75,scattered clouds
314,Coahuayana,MX,2022-04-17 21:53:45,18.7333,-103.6833,86.47,54,68,7.38,broken clouds
315,Arlit,NE,2022-04-17 21:53:45,18.7369,7.3853,77.36,12,87,7.11,overcast clouds
316,Okahandja,NA,2022-04-17 21:53:45,-21.9833,16.9167,64.62,35,54,2.04,broken clouds
317,Manado,ID,2022-04-17 21:53:46,1.487,124.8455,74.17,88,40,2.3,scattered clouds
318,Verkh-Usugli,RU,2022-04-17 21:53:46,52.7,115.1667,37.51,85,100,5.1,overcast clouds
319,Petropavlovsk-Kamchatskiy,RU,2022-04-17 21:53:46,53.0452,158.6483,32.59,55,0,2.24,clear sky
320,Doha,QA,2022-04-17 21:54:47,25.2867,51.5333,80.58,20,0,12.66,clear sky
321,Forestville,US,2022-04-17 21:54:47,38.8451,-76.875,56.64,32,0,13.8,clear sky
322,Zhangye,CN,2022-04-17 21:54:48,38.9342,100.4517,42.37,32,4,7.74,clear sky
323,Sherpur,BD,2022-04-17 21:54:48,25.0188,90.0175,71.6,80,1,13.2,clear sky
324,Tottori,JP,2022-04-17 21:54:48,35.5,134.2333,46.47,71,0,5.75,clear sky
325,Yoichi,JP,2022-04-17 21:54:49,43.2039,140.7703,45.46,75,93,6.13,overcast clouds
326,Gallup,US,2022-04-17 21:54:49,35.5281,-108.7426,70.02,10,0,5.01,clear sky
327,Teya,RU,2022-04-17 21:54:49,60.3778,92.6267,26.22,87,98,9.62,overcast clouds
328,Guiratinga,BR,2022-04-17 21:54:50,-16.3494,-53.7583,69.69,53,16,3.51,few clouds
329,Pevek,RU,2022-04-17 21:54:50,69.7008,170.3133,6.12,89,30,0.81,scattered clouds
330,Sarahan,IN,2022-04-17 21:54:51,31.5167,77.8,51.96,41,71,8.3,broken clouds
331,Hurup,DK,2022-04-17 21:54:51,56.7494,8.4195,42.49,3,12,4.61,few clouds
332,Mazatan,MX,2022-04-17 21:54:51,14.8667,-92.45,87.62,60,94,11.12,overcast clouds
333,Bubaque,GW,2022-04-17 21:54:52,11.2833,-15.8333,75.31,75,47,20.94,scattered clouds
334,Horodok,UA,2022-04-17 21:54:52,49.1637,26.5839,33.51,73,8,6.31,clear sky
335,Faya,SA,2022-04-17 21:54:52,18.3851,42.4509,66.72,36,53,5.68,broken clouds
336,Komsomolskiy,UZ,2022-04-17 21:54:53,40.4272,71.7189,63.32,39,30,9.22,scattered clouds
337,Courtenay,CA,2022-04-17 21:54:53,49.6866,-124.9936,56.01,56,75,17.27,broken clouds
338,Havre-Saint-Pierre,CA,2022-04-17 21:54:53,50.2334,-63.5986,35.96,93,100,12.66,overcast clouds
339,Te Anau,NZ,2022-04-17 21:54:54,-45.4167,167.7167,52.57,77,35,1.48,scattered clouds
340,San Policarpo,PH,2022-04-17 21:54:54,12.1791,125.5072,81.5,68,97,11.1,overcast clouds
341,Tiksi,RU,2022-04-17 21:54:54,71.6872,128.8694,-5.03,99,80,2.59,broken clouds
342,Pangai,TO,2022-04-17 21:52:19,-19.8,-174.35,84.31,70,40,8.05,scattered clouds
343,Andenes,NO,2022-04-17 21:54:55,69.3143,16.1194,40.98,87,100,17.27,overcast clouds
344,Rio Cuarto,AR,2022-04-17 21:54:55,-33.1307,-64.3499,71.37,40,0,14.97,clear sky
345,Moree,AU,2022-04-17 21:54:55,-29.4667,149.85,57.22,88,11,9.22,few clouds
346,Zhezkazgan,KZ,2022-04-17 21:54:56,47.8043,67.7144,56.82,62,100,15.1,overcast clouds
347,Aripuana,BR,2022-04-17 21:54:56,-9.1667,-60.6333,75.06,97,100,2.48,overcast clouds
348,Guerrero Negro,MX,2022-04-17 21:54:57,27.9769,-114.0611,68.81,56,89,18.75,overcast clouds
349,Manicore,BR,2022-04-17 21:54:57,-5.8092,-61.3003,76.14,95,97,1.88,overcast clouds
350,Baykit,RU,2022-04-17 21:54:57,61.67,96.37,25.7,84,98,10.58,overcast clouds
351,Neuquen,AR,2022-04-17 21:54:58,-38.9516,-68.0591,69.69,60,0,0.0,clear sky
352,Narva-Joesuu,EE,2022-04-17 21:54:58,59.4589,28.0408,33.66,77,100,6.15,overcast clouds
353,Minab,IR,2022-04-17 21:54:58,27.1467,57.0801,79.56,57,0,16.58,clear sky
354,Luanda,AO,2022-04-17 21:54:59,-8.8368,13.2343,78.8,89,75,10.36,light intensity drizzle
355,Iisalmi,FI,2022-04-17 21:54:59,63.5592,27.1907,32.31,98,73,2.53,broken clouds
356,Innoshima,JP,2022-04-17 21:54:59,34.2833,133.1833,51.57,60,100,5.48,overcast clouds
357,Ereymentau,KZ,2022-04-17 21:55:00,51.6199,73.1033,52.03,61,100,15.46,overcast clouds
358,Rawson,AR,2022-04-17 21:55:00,-43.3002,-65.1023,61.29,71,1,24.54,clear sky
359,Bardsir,IR,2022-04-17 21:55:00,29.9227,56.5743,52.66,40,3,9.78,clear sky
360,Tacuarembo,UY,2022-04-17 21:55:01,-31.7333,-55.9833,64.76,60,100,7.45,overcast clouds
361,Marawi,PH,2022-04-17 21:55:01,7.9986,124.2928,68.68,96,84,0.87,broken clouds
362,Ostrogozhsk,RU,2022-04-17 21:55:02,50.8664,39.0756,49.12,92,100,5.59,overcast clouds
363,Bures-Sur-Yvette,FR,2022-04-17 21:55:03,48.6998,2.1706,59.88,49,0,8.05,clear sky
364,Fayaoue,NC,2022-04-17 21:55:03,-20.65,166.5333,78.67,70,100,3.87,overcast clouds
365,San Isidro,PE,2022-04-17 21:55:04,-12.1167,-77.05,66.51,62,75,3.44,broken clouds
366,Ladario,BR,2022-04-17 21:56:04,-19.0047,-57.6017,82.69,47,0,6.91,clear sky
367,Tingi,TZ,2022-04-17 21:56:04,-11.3,35.0333,62.98,96,28,3.29,scattered clouds
368,Erzurum,TR,2022-04-17 21:56:05,40.0,41.5,40.68,59,77,2.68,broken clouds
369,Bom Jesus,BR,2022-04-17 21:56:05,-9.0744,-44.3586,76.42,84,67,3.02,broken clouds
370,Prince Rupert,CA,2022-04-17 21:56:05,54.3161,-130.3201,48.29,53,0,10.36,clear sky
371,Karratha,AU,2022-04-17 21:56:06,-20.7377,116.8463,82.15,34,17,12.24,few clouds
372,Lagunas,PE,2022-04-17 21:56:06,-5.2269,-75.6753,79.66,91,57,2.37,light rain
373,Shingu,JP,2022-04-17 21:56:07,33.7333,135.9833,60.42,86,100,7.63,overcast clouds
374,Anadyr,RU,2022-04-17 21:56:07,64.75,177.4833,32.5,86,75,24.61,light snow
375,Victoria,HK,2022-04-17 21:55:34,22.2855,114.1577,72.18,78,100,11.01,overcast clouds
376,Havoysund,NO,2022-04-17 21:56:07,70.9963,24.6622,43.03,96,100,17.98,overcast clouds
377,Hovd,MN,2022-04-17 21:56:08,48.0056,91.6419,41.56,29,0,7.49,clear sky
378,Batatais,BR,2022-04-17 21:56:08,-20.8911,-47.585,76.98,66,38,3.62,scattered clouds
379,Port Macquarie,AU,2022-04-17 21:56:09,-31.4333,152.9167,64.89,87,18,3.91,few clouds
380,Tema,GH,2022-04-17 21:56:09,5.667,-0.0166,82.81,83,40,13.8,scattered clouds
381,Nouakchott,MR,2022-04-17 21:56:05,18.0858,-15.9785,66.13,81,97,18.16,overcast clouds
382,Port Lincoln,AU,2022-04-17 21:56:10,-34.7333,135.8667,60.84,74,100,11.81,overcast clouds
383,Palu,ID,2022-04-17 21:56:10,-0.8917,119.8707,75.11,93,79,3.24,broken clouds
384,Renqiu,CN,2022-04-17 21:56:10,38.6989,116.0936,52.75,44,99,3.0,overcast clouds
385,Vila Franca Do Campo,PT,2022-04-17 21:56:11,37.7167,-25.4333,59.41,79,70,11.14,broken clouds
386,Svetlaya,RU,2022-04-17 21:56:11,46.5389,138.3297,38.79,59,21,6.24,few clouds
387,Bowen,AU,2022-04-17 21:56:11,-20.0167,148.2333,74.35,75,1,11.32,clear sky
388,Montepuez,MZ,2022-04-17 21:56:12,-13.1256,38.9997,69.1,96,8,6.42,clear sky
389,Lukovetskiy,RU,2022-04-17 21:56:12,64.2956,41.9211,33.33,98,100,5.03,overcast clouds
390,Shimoda,JP,2022-04-17 21:56:13,34.6667,138.95,55.11,81,100,7.9,overcast clouds
391,Hirara,JP,2022-04-17 21:56:13,24.8,125.2833,66.47,82,75,3.44,broken clouds
392,Klaksvik,FO,2022-04-17 21:56:13,62.2266,-6.589,47.32,95,100,11.12,overcast clouds
393,Syracuse,IT,2022-04-17 21:54:43,37.0881,15.2792,52.97,86,90,14.9,moderate rain
394,Vitim,RU,2022-04-17 21:56:14,59.4511,112.5578,41.74,98,100,10.29,light rain
395,Kupang,ID,2022-04-17 21:56:14,-10.1667,123.5833,77.72,80,88,3.11,overcast clouds
396,Beyneu,KZ,2022-04-17 21:56:15,45.3167,55.2,61.0,39,1,6.06,clear sky
397,Sakaiminato,JP,2022-04-17 21:56:15,35.55,133.2333,46.38,93,75,5.75,broken clouds
398,Saint-Pierre,RE,2022-04-17 21:56:15,-21.3393,55.4781,76.68,87,75,11.5,broken clouds
399,Clyde River,CA,2022-04-17 21:56:16,70.4692,-68.5914,-9.17,77,20,6.91,few clouds
400,Tautira,PF,2022-04-17 21:56:16,-17.7333,-149.15,81.19,72,21,13.02,few clouds
401,Kachug,RU,2022-04-17 21:56:17,53.9606,105.8817,39.25,84,100,3.24,overcast clouds
402,Kuching,MY,2022-04-17 21:51:49,1.55,110.3333,77.22,88,40,4.61,thunderstorm
403,Svetlyy,RU,2022-04-17 21:56:17,54.675,20.1347,30.25,81,56,5.57,broken clouds
404,Vila Velha,BR,2022-04-17 21:56:18,-20.3297,-40.2925,76.95,77,75,13.8,broken clouds
405,Tayu,ID,2022-04-17 21:56:18,-6.5397,111.0518,78.75,90,67,4.38,broken clouds
406,Abatskoye,RU,2022-04-17 21:56:18,56.2875,70.4555,33.84,83,55,6.29,broken clouds
407,Brindisi,IT,2022-04-17 21:56:19,40.5833,17.6667,53.96,59,100,20.02,light rain
408,Hami,CN,2022-04-17 21:56:19,42.8,93.45,52.29,21,0,5.23,clear sky
409,Deniliquin,AU,2022-04-17 21:56:20,-35.5333,144.9667,67.95,44,100,7.83,moderate rain
410,Beloha,MG,2022-04-17 21:56:20,-25.1667,45.05,73.26,88,78,11.52,broken clouds
411,Atessa,IT,2022-04-17 21:57:20,42.0693,14.4511,46.29,61,100,10.0,overcast clouds
412,Susanville,US,2022-04-17 21:57:21,40.4163,-120.653,60.91,23,61,14.0,broken clouds
413,Rio Pardo De Minas,BR,2022-04-17 21:57:21,-15.6097,-42.5397,66.4,88,99,6.93,overcast clouds
414,Spencer,US,2022-04-17 21:57:21,43.1414,-95.1444,33.91,80,100,13.8,light snow
415,Fortuna,US,2022-04-17 21:57:22,40.5982,-124.1573,60.93,47,0,13.8,clear sky
416,Ous,RU,2022-04-17 21:57:22,60.9058,61.5186,21.02,91,11,5.28,few clouds
417,Bayir,TR,2022-04-17 21:57:22,37.2687,28.2167,66.72,49,3,15.52,clear sky
418,Hervey Bay,AU,2022-04-17 21:57:23,-25.2986,152.8535,66.02,89,75,8.99,broken clouds
419,Ambon,ID,2022-04-17 21:57:23,-3.6954,128.1814,77.14,88,40,8.05,scattered clouds
420,Gigmoto,PH,2022-04-17 21:57:24,13.7796,124.39,77.61,81,26,9.46,scattered clouds
421,Hailey,US,2022-04-17 21:57:24,43.5196,-114.3153,42.8,40,83,10.0,broken clouds
422,Faanui,PF,2022-04-17 21:57:24,-16.4833,-151.75,80.92,73,39,10.33,light rain
423,Djambala,CG,2022-04-17 21:57:25,-2.5447,14.7533,71.96,86,100,1.36,light rain
424,Esil,KZ,2022-04-17 21:57:25,51.9556,66.4042,49.23,58,100,10.49,overcast clouds
425,Winnemucca,US,2022-04-17 21:55:33,40.973,-117.7357,64.45,13,0,14.97,clear sky
426,Inta,RU,2022-04-17 21:57:25,66.0317,60.1659,26.22,95,73,12.41,broken clouds
427,Orange Cove,US,2022-04-17 21:57:26,36.6244,-119.3137,78.67,31,0,5.66,clear sky
428,Porirua,NZ,2022-04-17 21:57:26,-41.1333,174.85,62.55,82,92,1.83,overcast clouds
429,Cabedelo,BR,2022-04-17 21:57:26,-6.9811,-34.8339,81.27,77,81,8.32,broken clouds
430,Santiago De Cuba,CU,2022-04-17 21:55:36,20.0247,-75.8219,79.38,66,38,4.88,scattered clouds
431,Puerto Escondido,MX,2022-04-17 21:55:16,15.85,-97.0667,87.42,58,67,9.93,broken clouds
432,Biak,ID,2022-04-17 21:57:27,-0.9131,122.8766,75.43,78,76,2.77,broken clouds
433,Pundaguitan,PH,2022-04-17 21:57:27,6.3711,126.1689,80.53,78,100,5.77,overcast clouds
434,Tessalit,ML,2022-04-17 21:57:28,20.1986,1.0114,75.63,22,0,9.62,clear sky
435,Mahajanga,MG,2022-04-17 21:57:28,-15.7167,46.3167,77.02,78,20,4.61,few clouds
436,Antalaha,MG,2022-04-17 21:57:28,-14.9003,50.2788,73.9,87,8,6.78,clear sky
437,Fort Nelson,CA,2022-04-17 21:53:33,58.8053,-122.7002,18.99,49,75,5.75,light snow
438,Kangaatsiaq,GL,2022-04-17 21:57:29,68.3065,-53.4641,7.97,93,96,7.47,overcast clouds
439,Salalah,OM,2022-04-17 21:57:29,17.0151,54.0924,79.14,86,19,2.62,few clouds
440,Palana,RU,2022-04-17 21:57:30,59.1167,159.9667,20.48,88,100,6.35,overcast clouds
441,Baghdad,IQ,2022-04-17 21:54:56,33.3406,44.4009,66.11,26,0,3.44,clear sky
442,Launceston,AU,2022-04-17 21:57:30,-41.45,147.1667,59.14,97,75,1.14,moderate rain
443,Sarangani,PH,2022-04-17 21:57:30,5.4033,125.4636,81.59,76,100,12.41,overcast clouds
444,Narsaq,GL,2022-04-17 21:57:31,60.9167,-46.05,29.57,87,98,4.14,overcast clouds
445,Assisi,IT,2022-04-17 21:57:31,43.0691,12.6165,44.42,56,14,9.22,few clouds
446,Nara,JP,2022-04-17 21:54:25,34.6851,135.8049,57.49,68,96,3.6,overcast clouds
447,Millerovo,RU,2022-04-17 21:57:31,48.9226,40.3967,55.13,63,100,5.88,overcast clouds
448,Samarai,PG,2022-04-17 21:57:32,-10.6167,150.6667,82.35,77,100,11.39,moderate rain
449,Chelmsford,GB,2022-04-17 21:57:32,51.7357,0.4696,53.85,76,100,6.89,overcast clouds
450,Kutum,SD,2022-04-17 21:57:32,14.2,24.6667,77.81,17,7,1.28,clear sky
451,Sisophon,KH,2022-04-17 21:57:33,13.5859,102.9737,78.53,79,100,2.84,overcast clouds
452,Bireun,ID,2022-04-17 21:57:33,5.203,96.7009,77.59,80,90,3.51,overcast clouds
453,Haines Junction,CA,2022-04-17 21:57:34,60.7522,-137.5108,33.75,32,84,4.61,broken clouds
454,Tuatapere,NZ,2022-04-17 21:57:34,-46.1333,167.6833,52.7,74,10,4.68,clear sky
455,Nautla,MX,2022-04-17 21:57:34,20.2167,-96.7833,85.62,65,30,14.5,scattered clouds
456,Lolodorf,CM,2022-04-17 21:57:35,3.2333,10.7333,72.27,99,100,1.39,overcast clouds
457,Ayr,GB,2022-04-17 21:57:35,55.4627,-4.6339,53.49,82,20,10.36,few clouds
458,Dabakala,CI,2022-04-17 21:57:35,8.3667,-4.4333,75.88,89,99,2.66,light rain
459,Natchez,US,2022-04-17 21:57:36,31.5604,-91.4032,83.64,65,75,10.36,light rain
460,Ambovombe,MG,2022-04-17 21:57:36,-25.1667,46.0833,72.75,88,80,7.76,broken clouds
461,La Ronge,CA,2022-04-17 21:58:37,55.1001,-105.2842,35.82,40,75,6.91,broken clouds
462,Nizwa,OM,2022-04-17 21:58:37,22.9333,57.5333,81.57,28,3,3.62,clear sky
463,Pascagoula,US,2022-04-17 21:58:37,30.3658,-88.5561,80.51,87,97,10.13,overcast clouds
464,Vardo,NO,2022-04-17 21:58:38,70.3705,31.1107,39.2,93,100,10.31,overcast clouds
465,Reconquista,AR,2022-04-17 21:58:38,-29.15,-59.65,63.75,69,7,5.5,clear sky
466,Eyl,SO,2022-04-17 21:58:38,7.9803,49.8164,82.38,80,35,7.09,scattered clouds
467,Hasaki,JP,2022-04-17 21:58:39,35.7333,140.8333,54.28,66,67,7.7,broken clouds
468,Mouila,GA,2022-04-17 21:58:39,-1.8685,11.0559,75.29,98,100,1.14,light rain
469,Tucuman,AR,2022-04-17 21:58:40,-26.8241,-65.2226,75.2,50,0,3.44,clear sky
470,Ola,RU,2022-04-17 21:58:40,59.5833,151.2833,25.14,69,100,4.97,overcast clouds
471,Stromness,GB,2022-04-17 21:58:40,58.965,-3.296,46.36,87,100,17.0,overcast clouds
472,Trairi,BR,2022-04-17 21:54:04,-3.2778,-39.2689,78.39,84,99,5.28,overcast clouds
473,Playa Vicente,MX,2022-04-17 21:58:41,17.8333,-95.8167,108.18,13,7,8.3,clear sky
474,Shu,KZ,2022-04-17 21:58:41,43.5983,73.7614,58.19,45,22,6.62,few clouds
475,Lewistown,US,2022-04-17 21:58:42,40.5992,-77.5714,52.34,62,0,8.05,clear sky
476,Mbanza-Ngungu,CD,2022-04-17 21:58:42,-5.25,14.8667,70.74,91,100,1.5,overcast clouds
477,Nanortalik,GL,2022-04-17 21:58:42,60.1432,-45.2371,29.71,86,48,9.46,scattered clouds
478,Stokmarknes,NO,2022-04-17 21:58:43,68.5646,14.9108,42.78,75,100,6.91,overcast clouds
479,Nizhniy Kuranakh,RU,2022-04-17 21:58:43,58.8353,125.4869,26.85,74,100,7.49,overcast clouds
480,Lagoa,PT,2022-04-17 21:58:43,39.05,-27.9833,57.13,65,48,14.7,scattered clouds
481,Santa Rita Do Sapucai,BR,2022-04-17 21:58:44,-22.2522,-45.7033,58.69,74,0,2.48,clear sky
482,Cao Bang,VN,2022-04-17 21:58:44,22.6667,106.25,60.31,97,100,2.17,overcast clouds
483,Westport,US,2022-04-17 21:57:21,41.1415,-73.3579,50.56,39,95,8.01,overcast clouds
484,Husavik,IS,2022-04-17 21:58:45,66.0449,-17.3389,40.59,97,100,1.52,light rain
485,Soubre,CI,2022-04-17 21:58:45,5.7856,-6.6083,74.21,91,100,2.19,overcast clouds
486,Canutama,BR,2022-04-17 21:58:45,-6.5339,-64.3831,75.92,95,100,1.57,overcast clouds
487,Qandala,SO,2022-04-17 21:58:46,11.472,49.8728,85.06,60,2,4.03,clear sky
488,Areia Branca,BR,2022-04-17 21:58:46,-4.9561,-37.1369,81.68,76,75,10.92,broken clouds
489,Carman,CA,2022-04-17 21:54:42,49.4992,-98.0016,26.94,86,100,11.5,overcast clouds
490,Gazojak,TM,2022-04-17 21:58:46,41.1875,61.4036,60.19,44,100,16.17,overcast clouds
491,Nha Trang,VN,2022-04-17 21:58:47,12.25,109.1833,77.0,92,57,5.32,broken clouds
492,Mana,GF,2022-04-17 21:58:47,5.6592,-53.7767,77.54,86,37,9.98,scattered clouds
493,Bonavista,CA,2022-04-17 21:54:42,48.6499,-53.1147,34.86,97,97,21.52,overcast clouds
494,Bodaybo,RU,2022-04-17 21:58:47,57.8506,114.1933,45.23,92,100,15.05,light rain
495,Yatou,CN,2022-04-17 21:58:48,37.15,122.3833,52.59,49,100,6.55,overcast clouds
496,Sao Felix Do Xingu,BR,2022-04-17 21:58:48,-6.6447,-51.995,73.78,97,92,1.36,overcast clouds
497,Broome,US,2022-04-17 21:58:49,42.2506,-75.833,44.6,46,100,8.01,overcast clouds
498,Kobryn,BY,2022-04-17 21:58:49,52.2138,24.3564,33.75,74,28,6.64,scattered clouds
499,Cururupu,BR,2022-04-17 21:54:29,-1.8283,-44.8683,75.58,94,58,2.82,broken clouds
500,Bodden Town,KY,2022-04-17 21:58:49,19.2833,-81.25,84.99,71,20,4.61,few clouds
501,San Jose,US,2022-04-17 21:55:33,37.3394,-121.895,70.86,45,0,8.05,clear sky
502,Harper,LR,2022-04-17 21:58:50,4.375,-7.7169,77.34,84,100,1.36,overcast clouds
503,Berlevag,NO,2022-04-17 21:58:50,70.8578,29.0864,41.0,87,100,18.41,overcast clouds
504,Saint-Leu,RE,2022-04-17 21:58:50,-21.15,55.2833,76.06,80,3,3.4,clear sky
505,Bull Savanna,JM,2022-04-17 21:59:51,17.8868,-77.5902,79.2,68,18,10.6,few clouds
506,Bari,IT,2022-04-17 21:55:42,41.1177,16.8512,56.88,64,75,21.0,broken clouds
507,Doka,SD,2022-04-17 21:59:51,13.5167,35.7667,87.44,39,97,4.79,overcast clouds
508,Chicama,PE,2022-04-17 21:59:52,-7.8447,-79.1469,64.94,68,4,8.84,clear sky
509,Caucaia,BR,2022-04-17 21:58:59,-3.7361,-38.6531,83.03,76,20,3.44,few clouds
510,Kushmurun,KZ,2022-04-17 21:59:52,52.4503,64.6311,46.04,57,100,9.35,overcast clouds
511,Brigantine,US,2022-04-17 21:59:52,39.4101,-74.3646,54.01,44,84,14.47,broken clouds
512,Paamiut,GL,2022-04-17 21:59:53,61.994,-49.6678,27.81,79,100,2.01,overcast clouds
513,Monforte De Lemos,ES,2022-04-17 21:59:53,42.5216,-7.5142,55.56,94,0,2.82,clear sky
514,Ust-Nera,RU,2022-04-17 21:59:53,64.5667,143.2,12.74,95,98,2.42,overcast clouds
515,Dolores,AR,2022-04-17 21:59:54,-36.3132,-57.6792,60.44,79,100,7.96,overcast clouds
516,Kosh-Agach,RU,2022-04-17 21:59:54,50.0,88.6667,34.14,42,75,3.06,broken clouds
517,Bonfim,BR,2022-04-17 21:59:54,3.0833,-59.95,89.96,42,85,7.81,overcast clouds
518,Margate,GB,2022-04-17 21:59:55,51.3813,1.3862,51.31,76,100,1.01,overcast clouds
519,Yorosso,ML,2022-04-17 21:59:55,12.3536,-4.7761,83.1,26,100,4.41,overcast clouds
520,Kokopo,PG,2022-04-17 21:59:56,-4.352,152.2633,80.22,79,100,2.26,overcast clouds
521,Newport,GB,2022-04-17 21:59:56,51.5877,-2.9984,53.06,86,78,7.78,broken clouds
522,Cairns,AU,2022-04-17 21:59:56,-16.9167,145.7667,77.07,86,40,5.75,scattered clouds
523,Baruun-Urt,MN,2022-04-17 21:59:57,46.6806,113.2792,39.36,41,23,9.08,few clouds
524,Kasongo-Lunda,CD,2022-04-17 21:59:57,-6.4667,16.8167,70.97,98,100,0.18,overcast clouds
525,Soe,ID,2022-04-17 21:59:57,-9.8607,124.284,66.74,89,99,3.65,overcast clouds
526,Talnakh,RU,2022-04-17 21:59:58,69.4865,88.3972,6.21,97,100,5.32,overcast clouds
527,Daru,PG,2022-04-17 21:59:58,-9.0763,143.2092,79.99,82,100,3.13,overcast clouds
528,Siniscola,IT,2022-04-17 21:59:58,40.5719,9.6922,45.95,71,0,12.88,clear sky
529,Pangnirtung,CA,2022-04-17 21:59:59,66.1451,-65.7125,-0.83,97,100,6.6,overcast clouds
530,Havelock,US,2022-04-17 21:59:59,34.8791,-76.9013,65.98,60,15,10.0,few clouds
531,Tabuk,PH,2022-04-17 22:00:00,17.4189,121.4443,71.98,90,86,2.08,overcast clouds
532,Horsham,GB,2022-04-17 22:00:00,51.064,-0.3272,53.31,67,0,1.14,clear sky
533,Dudinka,RU,2022-04-17 22:00:01,69.4058,86.1778,6.62,96,100,9.6,overcast clouds
534,Redmond,US,2022-04-17 21:57:40,47.674,-122.1215,61.7,39,67,5.99,broken clouds
535,Port Shepstone,ZA,2022-04-17 22:00:02,-30.7414,30.455,64.87,84,86,7.31,overcast clouds
536,Sassandra,CI,2022-04-17 22:00:03,4.95,-6.0833,75.69,88,100,4.41,overcast clouds
537,Esperance,AU,2022-04-17 22:00:04,-33.8667,121.9,60.01,66,77,8.05,broken clouds
538,Pilkhuwa,IN,2022-04-17 22:00:06,28.7167,77.65,83.55,12,0,2.95,clear sky
539,Bandarbeyla,SO,2022-04-17 22:00:06,9.4942,50.8122,81.23,81,57,7.74,broken clouds
540,Nyurba,RU,2022-04-17 22:00:07,63.2842,118.3319,35.58,99,100,9.8,overcast clouds
541,Polewali,ID,2022-04-17 22:00:08,-3.4324,119.3435,76.44,89,100,3.02,overcast clouds
542,Yaan,NG,2022-04-17 22:00:09,7.3833,8.5667,82.38,72,93,7.74,light rain
543,Russell,US,2022-04-17 22:00:10,32.3502,-85.1999,66.96,94,40,3.44,light rain
544,Punta Cardon,VE,2022-04-17 22:00:11,11.6581,-70.215,81.84,71,100,5.5,overcast clouds
545,Ossora,RU,2022-04-17 22:00:11,59.2353,163.0719,25.59,79,29,2.86,scattered clouds
546,Mayor Pablo Lagerenza,PY,2022-04-17 22:00:12,-19.9309,-60.7718,69.98,47,90,3.62,overcast clouds
547,Det Udom,TH,2022-04-17 22:00:13,14.906,105.0784,76.46,87,100,1.54,moderate rain
548,Hearst,CA,2022-04-17 22:00:14,49.6835,-83.6665,30.83,69,100,3.4,overcast clouds
549,Kalmunai,LK,2022-04-17 22:00:14,7.4167,81.8167,78.37,87,75,6.53,broken clouds
550,Camopi,GF,2022-04-17 22:00:15,3.1655,-52.3158,73.49,97,100,5.41,moderate rain
551,Huarmey,PE,2022-04-17 22:00:16,-10.0681,-78.1522,70.32,76,1,10.89,clear sky
552,Longkou,CN,2022-04-17 22:00:17,37.6508,120.3286,52.39,59,100,6.44,overcast clouds
553,Nathdwara,IN,2022-04-17 22:01:18,24.9333,73.8167,80.4,37,1,19.37,clear sky
554,Baryshivka,UA,2022-04-17 22:01:18,50.361,31.3217,33.3,93,18,8.19,few clouds
555,Dakar,SN,2022-04-17 22:00:31,14.6937,-17.4441,67.08,89,67,20.89,broken clouds
556,Springdale,US,2022-04-17 22:01:19,36.1867,-94.1288,54.03,88,100,9.22,overcast clouds
557,Grenaa,DK,2022-04-17 22:01:19,56.4158,10.8783,41.59,67,4,5.84,clear sky
558,Anloga,GH,2022-04-17 22:01:20,5.7947,0.8973,82.85,79,94,13.98,light rain
559,Malakal,SS,2022-04-17 22:01:20,9.5334,31.6605,87.89,39,63,5.37,broken clouds
560,Ontario,US,2022-04-17 22:00:04,34.0633,-117.6509,87.87,39,0,5.75,clear sky
561,Khambhat,IN,2022-04-17 22:01:21,22.3,72.6167,81.93,49,0,7.0,clear sky
562,Boden,SE,2022-04-17 22:01:21,65.8252,21.6886,33.8,99,100,1.3,overcast clouds
563,Rafraf,TN,2022-04-17 22:01:22,37.1904,10.1837,55.71,65,74,19.1,broken clouds
564,The Valley,AI,2022-04-17 22:01:22,18.217,-63.0578,79.11,76,7,24.25,clear sky
565,Portobelo,PA,2022-04-17 22:01:22,9.55,-79.65,83.95,78,100,6.24,overcast clouds
566,Alekseyevsk,RU,2022-04-17 22:01:23,57.8406,108.3492,44.96,87,96,9.57,overcast clouds
567,Meadow Lake,US,2022-04-17 22:01:23,34.8014,-106.5436,78.94,7,0,10.92,clear sky
568,Stolin,BY,2022-04-17 22:01:23,51.8912,26.846,34.3,68,61,5.17,broken clouds
569,Ahuimanu,US,2022-04-17 22:01:24,21.4447,-157.8378,79.79,71,33,7.0,scattered clouds
570,Black Diamond,US,2022-04-17 21:57:24,47.3087,-122.0032,59.25,38,60,4.0,broken clouds
571,Oranjestad,AW,2022-04-17 21:57:33,12.524,-70.027,84.15,70,20,27.63,few clouds
572,Porto Belo,BR,2022-04-17 22:01:24,-27.1578,-48.5531,69.26,72,31,8.93,scattered clouds
573,Olds,CA,2022-04-17 22:00:17,51.7834,-114.102,37.85,39,100,8.16,overcast clouds
574,Grindavik,IS,2022-04-17 22:01:25,63.8424,-22.4338,41.47,70,75,8.05,broken clouds
575,Cravo Norte,CO,2022-04-17 22:01:25,6.3017,-70.2041,81.05,69,100,8.75,moderate rain
576,Ridgecrest,US,2022-04-17 22:00:20,35.6225,-117.6709,83.64,13,0,3.0,clear sky
577,Faro,PT,2022-04-17 21:57:20,37.0194,-7.9322,70.18,55,0,3.44,clear sky
578,Agadez,NE,2022-04-17 22:01:26,19.75,10.25,79.27,14,97,7.14,overcast clouds
579,Develi,TR,2022-04-17 22:01:26,38.3906,35.4922,61.95,44,98,8.75,overcast clouds
580,Tarjan,HU,2022-04-17 22:01:27,47.6104,18.5107,44.83,57,99,2.89,overcast clouds
581,Panguna,PG,2022-04-17 22:01:27,-6.3164,155.4848,75.04,82,85,2.89,light rain
582,Khuzhir,RU,2022-04-17 22:01:27,53.1939,107.3397,38.16,77,92,8.39,overcast clouds
583,Port Hueneme,US,2022-04-17 22:01:28,34.1478,-119.1951,79.05,66,0,10.36,clear sky
584,Sao Joao Da Barra,BR,2022-04-17 22:01:28,-21.6403,-41.0511,71.28,73,2,11.12,clear sky
585,Bayan,CN,2022-04-17 22:01:28,46.0833,127.4,38.26,29,3,2.75,clear sky
586,Pringsewu,ID,2022-04-17 22:01:29,-5.3582,104.9744,73.0,97,91,0.72,overcast clouds
587,Garden City,US,2022-04-17 21:56:49,42.3256,-83.331,46.92,46,4,4.0,clear sky
588,Chegdomyn,RU,2022-04-17 22:01:29,51.1167,133.0167,26.08,93,100,2.3,overcast clouds
589,Mnogovershinnyy,RU,2022-04-17 22:01:29,53.9353,139.9242,24.17,84,51,2.59,broken clouds
590,Marsa Matruh,EG,2022-04-17 22:01:30,31.3525,27.2453,63.88,80,88,18.79,overcast clouds
591,Ciro Marina,IT,2022-04-17 22:01:30,39.3732,17.126,52.97,69,100,30.38,overcast clouds
592,Inverell,AU,2022-04-17 22:01:30,-29.7833,151.1167,60.67,89,4,1.9,clear sky
593,Solnechnyy,RU,2022-04-17 22:01:31,50.7214,136.6319,27.61,86,97,1.32,overcast clouds
594,Vokhma,RU,2022-04-17 22:01:31,58.9303,46.7586,22.86,95,40,1.63,scattered clouds
595,Oistins,BB,2022-04-17 22:01:31,13.0667,-59.5333,78.39,76,97,18.03,overcast clouds
596,Sola,VU,2022-04-17 22:01:32,-13.8833,167.55,81.86,73,80,6.2,broken clouds
597,Katsuura,JP,2022-04-17 22:01:32,35.1333,140.3,61.34,69,84,7.7,broken clouds
598,Rocha,UY,2022-04-17 21:59:26,-34.4833,-54.3333,59.9,83,100,6.38,moderate rain
599,Concepcion Del Uruguay,AR,2022-04-17 22:01:33,-32.4825,-58.2372,67.98,66,77,6.04,light rain
600,Chengde,CN,2022-04-17 22:01:33,40.9725,117.9361,47.26,41,2,2.95,clear sky
601,Harij,IN,2022-04-17 22:02:33,23.7,71.9,79.32,54,3,7.49,clear sky
602,Cherskiy,RU,2022-04-17 22:02:34,68.75,161.3,11.32,87,100,5.41,overcast clouds
603,Mae Ramat,TH,2022-04-17 22:02:34,16.984,98.5166,74.25,87,6,1.32,clear sky
604,Luganville,VU,2022-04-17 22:02:34,-15.5333,167.1667,83.14,74,83,2.01,broken clouds
605,Tromso,NO,2022-04-17 22:02:35,69.6496,18.957,41.02,87,75,9.22,broken clouds
606,Charlottesville,US,2022-04-17 21:58:50,38.0293,-78.4767,63.12,29,42,11.01,scattered clouds
607,Le Mars,US,2022-04-17 22:02:35,42.7942,-96.1656,44.11,87,100,16.11,overcast clouds
608,Maragogi,BR,2022-04-17 22:02:36,-9.0122,-35.2225,78.49,83,54,8.28,broken clouds
609,Hays,US,2022-04-17 22:02:36,30.0502,-98.0336,88.0,60,61,1.01,broken clouds
610,Zavyalovo,RU,2022-04-17 22:02:36,54.5053,82.4484,40.01,91,30,6.31,scattered clouds
611,Udala,ES,2022-04-17 22:02:37,43.0778,-2.5125,51.22,91,100,2.33,overcast clouds
612,Kalemie,CD,2022-04-17 22:02:37,-5.9475,29.1947,70.59,86,8,0.58,clear sky
613,Minuri,PH,2022-04-17 22:02:37,16.535,121.8574,71.71,97,82,1.03,broken clouds
614,Kiruna,SE,2022-04-17 22:02:38,67.8557,20.2251,34.72,93,100,3.44,overcast clouds
615,Dongkan,CN,2022-04-17 22:02:38,33.9997,119.8308,48.61,60,100,5.91,overcast clouds
616,Grenada,ES,2022-04-17 22:02:38,37.1882,-3.6067,62.91,59,0,1.14,clear sky
617,Ratnapura,LK,2022-04-17 22:02:39,6.6828,80.3992,75.7,97,86,1.43,overcast clouds
618,Atikokan,CA,2022-04-17 22:02:39,48.7555,-91.6216,31.33,94,100,7.11,light snow
619,Dingle,PH,2022-04-17 22:02:39,10.9995,122.6711,75.06,90,83,7.23,broken clouds
620,Portland,US,2022-04-17 22:02:40,45.5234,-122.6762,60.91,44,100,5.75,overcast clouds
621,Gizo,SB,2022-04-17 22:02:40,-8.103,156.8419,82.69,73,92,8.9,light rain
622,Piotrkow Trybunalski,PL,2022-04-17 22:02:40,51.4055,19.7032,43.18,58,87,5.59,overcast clouds
623,Ketchikan,US,2022-04-17 22:02:41,55.3422,-131.6461,48.13,39,87,6.44,overcast clouds
624,Changde,CN,2022-04-17 22:00:22,29.0464,111.6783,50.54,93,100,6.17,overcast clouds
625,Fez,MA,2022-04-17 22:02:41,34.0372,-4.9998,62.85,63,0,8.05,clear sky
626,Pandaan,ID,2022-04-17 22:02:42,-7.6527,112.6875,78.3,89,93,2.37,light rain
627,Oriximina,BR,2022-04-17 22:02:42,-1.7656,-55.8661,77.58,90,91,1.83,overcast clouds
628,Sukhobezvodnoye,RU,2022-04-17 22:02:42,57.0491,44.8891,26.96,93,61,5.44,broken clouds
629,Tukrah,LY,2022-04-17 22:02:43,32.5341,20.5791,60.37,89,76,11.39,light rain
630,Qasigiannguit,GL,2022-04-17 22:02:43,68.8193,-51.1922,16.05,85,11,3.62,few clouds
631,Kununurra,AU,2022-04-17 22:02:43,-15.7667,128.7333,75.18,94,34,4.61,scattered clouds
632,Taksimo,RU,2022-04-17 22:02:44,56.3444,114.8794,26.71,93,97,0.13,overcast clouds
633,Storozhevaya,RU,2022-04-17 22:02:44,43.8789,41.4514,46.45,48,57,7.02,broken clouds
634,Hammerfest,NO,2022-04-17 22:02:44,70.6634,23.6821,41.45,87,75,5.75,broken clouds
635,Storforshei,NO,2022-04-17 22:02:45,66.4043,14.5233,37.65,93,75,4.61,broken clouds
636,Olafsvik,IS,2022-04-17 22:02:45,64.8945,-23.7142,42.04,67,95,10.31,overcast clouds
637,Sorong,ID,2022-04-17 22:02:46,-0.8833,131.25,81.97,80,37,11.63,scattered clouds
638,Road Town,VG,2022-04-17 22:02:46,18.4167,-64.6167,80.64,74,40,16.11,scattered clouds
639,Valparaiso,CL,2022-04-17 22:02:46,-33.0393,-71.6273,56.48,79,46,5.61,scattered clouds
640,Makakilo City,US,2022-04-17 22:02:47,21.3469,-158.0858,78.62,65,27,20.13,scattered clouds
641,Ceres,US,2022-04-17 22:00:02,37.5949,-120.9577,76.8,33,5,5.37,clear sky
642,Ukiah,US,2022-04-17 22:02:47,39.1502,-123.2078,70.52,40,0,9.22,clear sky
643,Moyale,KE,2022-04-17 22:02:47,3.5167,39.0584,72.86,62,100,2.28,overcast clouds
644,Bairiki,KI,2022-04-17 22:02:48,1.3292,172.9752,80.51,71,70,14.61,broken clouds
645,Baft,IR,2022-04-17 22:02:48,29.234,56.6057,50.97,11,1,1.03,clear sky
646,Three Hills,CA,2022-04-17 21:58:16,51.7001,-113.2686,39.2,43,99,6.49,overcast clouds
647,Ulladulla,AU,2022-04-17 22:02:49,-35.35,150.4667,63.16,64,94,6.82,overcast clouds
648,Yuzhno-Kurilsk,RU,2022-04-17 22:02:49,44.0306,145.8556,41.77,82,29,4.54,scattered clouds
649,Tommot,RU,2022-04-17 22:03:49,58.9564,126.2925,23.23,76,100,4.41,overcast clouds
650,Kerman,IR,2022-04-17 22:03:50,30.2832,57.0788,59.45,44,68,1.74,light rain
651,Pakokku,MM,2022-04-17 22:03:50,21.3333,95.1,84.78,55,10,7.99,clear sky
652,Ilebo,CD,2022-04-17 22:03:50,-4.3167,20.5833,71.8,98,87,1.41,overcast clouds
653,Aksay,RU,2022-04-17 22:03:51,47.26,39.87,56.25,61,100,5.01,overcast clouds
654,Moerai,PF,2022-04-17 22:03:51,-22.4333,-151.3333,79.21,71,10,3.33,clear sky
655,Seydi,TM,2022-04-17 22:03:51,39.4816,62.9137,64.26,40,100,22.68,overcast clouds
656,Turtas,RU,2022-04-17 22:03:52,58.9417,69.1325,23.02,96,54,3.02,broken clouds
657,Opuwo,NA,2022-04-17 22:03:52,-18.0607,13.84,72.88,39,52,3.0,broken clouds
658,Gravdal,NO,2022-04-17 22:03:52,68.1214,13.5031,42.69,87,75,9.22,broken clouds
659,Ipora,BR,2022-04-17 22:03:53,-16.4419,-51.1178,69.6,66,99,4.21,overcast clouds
660,Porto Walter,BR,2022-04-17 22:03:53,-8.2686,-72.7439,81.3,71,75,3.38,broken clouds
661,Khani,GE,2022-04-17 22:03:54,41.9563,42.9566,58.57,60,88,8.72,overcast clouds
662,Dandong,CN,2022-04-17 22:03:54,40.1292,124.3947,48.11,69,100,3.11,overcast clouds
663,Figeac,FR,2022-04-17 22:03:54,44.75,1.9167,55.78,91,100,1.86,overcast clouds
664,Araouane,ML,2022-04-17 22:03:55,18.9048,-3.5265,76.66,21,0,9.6,clear sky
665,Cervo,ES,2022-04-17 22:03:55,43.6702,-7.4101,54.97,94,37,5.77,scattered clouds
666,Mitu,CO,2022-04-17 22:03:55,1.1983,-70.1733,77.7,93,77,1.99,broken clouds
667,Paro,BT,2022-04-17 22:03:56,27.4305,89.4133,48.34,81,27,4.18,scattered clouds
668,Alamosa,US,2022-04-17 22:03:56,37.4695,-105.87,66.18,12,0,12.66,clear sky
669,Catalina,US,2022-04-17 22:03:56,32.5056,-110.9211,89.74,8,0,3.0,clear sky
670,Buchanan,LR,2022-04-17 22:03:57,5.8808,-10.0467,79.14,84,100,7.05,overcast clouds
671,Honggang,CN,2022-04-17 22:03:57,46.4667,124.8667,38.53,37,2,6.33,clear sky
672,Gunjur,GM,2022-04-17 22:03:57,13.2019,-16.7339,69.03,83,5,18.57,clear sky
673,Asilah,MA,2022-04-17 22:03:58,35.465,-6.0348,66.16,73,100,3.71,overcast clouds
674,Thinadhoo,MV,2022-04-17 22:03:58,0.5333,72.9333,83.08,73,90,9.46,overcast clouds
675,Brae,GB,2022-04-17 22:03:58,60.3964,-1.353,46.94,77,99,17.22,overcast clouds
676,Kerema,PG,2022-04-17 22:03:59,-7.9631,145.7785,80.2,82,81,3.38,broken clouds
677,Vredendal,ZA,2022-04-17 22:03:59,-31.6683,18.5012,68.77,33,0,4.99,clear sky
678,Dambulla,LK,2022-04-17 22:03:59,7.86,80.6517,73.63,92,37,4.5,scattered clouds
679,Yining,CN,2022-04-17 22:04:00,29.0361,114.5636,51.21,95,100,1.39,overcast clouds
680,Panjab,AF,2022-04-17 22:04:00,34.388,67.0233,43.68,86,100,6.8,overcast clouds
681,Nizhnyaya Tavda,RU,2022-04-17 22:04:01,57.6731,66.1725,31.84,78,94,3.71,overcast clouds
682,Sibu,MY,2022-04-17 22:04:01,2.3,111.8167,73.47,99,95,2.3,overcast clouds
683,Lagos,NG,2022-04-17 21:59:37,6.5833,3.75,82.72,90,100,5.93,moderate rain
684,Dhanera,IN,2022-04-17 22:04:01,24.5167,72.0167,76.55,73,3,4.74,clear sky
685,Necocli,CO,2022-04-17 22:04:02,8.4234,-76.786,81.55,79,100,5.79,overcast clouds
686,Kuytun,RU,2022-04-17 22:04:02,54.3419,101.5036,43.56,74,89,6.73,overcast clouds
687,Alta Floresta,BR,2022-04-17 22:00:13,-9.8756,-56.0861,74.01,97,95,3.24,moderate rain
